date,open,high,low,close,volume,Name,Daily_Return,Month,Year,MA50,MA200
2013-02-08,67.7142,68.4014,66.8928,67.8542,158168416,AAPL,,2,2013,,
2013-02-11,68.0714,69.2771,67.6071,68.5614,129029425,AAPL,0.010422346737563704,2,2013,,
2013-02-12,68.5014,68.9114,66.8205,66.8428,151829363,AAPL,-0.02506658265438,2,2013,,
2013-02-13,66.7442,67.6628,66.1742,66.7156,118721995,AAPL,-0.001902972347059051,2,2013,,
2013-02-14,66.3599,67.3771,66.2885,66.6556,88809154,AAPL,-0.0008993398845246192,2,2013,,
2013-02-15,66.9785,67.1656,65.7028,65.7371,97924631,AAPL,-0.013779787444715974,2,2013,,
2013-02-19,65.8714,66.1042,64.8356,65.7128,108854046,AAPL,-0.0003696542743747422,2,2013,,
2013-02-20,65.3842,65.3842,64.1142,64.1214,118891367,AAPL,-0.02421750404791767,2,2013,,
2013-02-21,63.7142,64.1671,63.2599,63.7228,111596821,AAPL,-0.006216333392595863,2,2013,,
2013-02-22,64.1785,64.5142,63.7999,64.4014,82583823,AAPL,0.010649249562166174,2,2013,,
2013-02-25,64.8356,65.0171,63.2242,63.2571,92899597,AAPL,-0.017768247274127513,2,2013,,
2013-02-26,63.4028,64.5056,62.5228,64.1385,125096657,AAPL,0.01393361377616098,2,2013,,
2013-02-27,64.0614,64.6342,62.9499,63.5099,146674682,AAPL,-0.009800665746782178,2,2013,,
2013-02-28,63.4357,63.9814,63.0571,63.0571,80532382,AAPL,-0.007129597117929709,2,2013,,
2013-03-01,62.5714,62.5971,61.4257,61.4957,137899041,AAPL,-0.02476168425125802,3,2013,,
2013-03-04,61.1142,61.1714,59.8571,60.0071,145406366,AAPL,-0.02420657054070441,3,2013,,
2013-03-05,60.2114,62.1699,60.1071,61.5919,159298020,AAPL,0.02641020812537187,3,2013,,
2013-03-06,62.0728,62.1785,60.6328,60.8088,114903180,AAPL,-0.012714334190047749,3,2013,,
2013-03-07,60.6428,61.7157,60.1514,61.5117,116992841,AAPL,0.01155918222362562,3,2013,,
2013-03-08,61.3999,62.2042,61.2299,61.6742,97854442,AAPL,0.0026417738413992975,3,2013,,
2013-03-11,61.3928,62.7157,60.7342,62.5528,118272126,AAPL,0.014245827266506916,3,2013,,
2013-03-12,62.2285,62.6971,61.0814,61.2042,116268341,AAPL,-0.02155938663017476,3,2013,,
2013-03-13,61.2071,62.0714,60.7657,61.1928,101369051,AAPL,-0.00018626172713642752,3,2013,,
2013-03-14,61.8328,62.0914,61.4928,61.7857,75834906,AAPL,0.009689048384777355,3,2013,,
2013-03-15,62.5614,63.4614,62.4642,63.3799,160710606,AAPL,0.025802086890655884,3,2013,,
2013-03-18,63.0642,65.3514,63.0285,65.1028,150441144,AAPL,0.027183697039597776,3,2013,,
2013-03-19,65.6428,65.8528,64.0714,64.9271,131531708,AAPL,-0.002698808653391338,3,2013,,
2013-03-20,65.3456,65.3756,64.2271,64.5828,77016849,AAPL,-0.005302870450089259,3,2013,,
2013-03-21,64.3171,65.4256,64.2999,64.6756,95493524,AAPL,0.001436915091943991,3,2013,,
2013-03-22,64.9399,66.0142,64.7299,65.9871,98570591,AAPL,0.020278126526850793,3,2013,,
2013-03-25,66.3842,67.1356,65.9685,66.2256,125073165,AAPL,0.003614342803366144,3,2013,,
2013-03-26,66.4914,66.5485,65.7899,65.8765,73428208,AAPL,-0.005271375419777402,3,2013,,
2013-03-27,65.2085,65.2571,64.3899,64.5828,81854409,AAPL,-0.019638262506356363,3,2013,,
2013-03-28,64.2599,64.5455,63.0885,63.2371,110698007,AAPL,-0.020836817233071514,3,2013,,
2013-04-01,63.1285,63.3854,61.1057,61.2728,97294421,AAPL,-0.031062461751092396,4,2013,,
2013-04-02,61.0857,62.5914,60.9142,61.3988,132350022,AAPL,0.002056377381154606,4,2013,,
2013-04-03,61.6242,62.4685,61.4728,61.7128,90719482,AAPL,0.005114106464621404,4,2013,,
2013-04-04,61.9657,62.1428,60.7499,61.1028,89589332,AAPL,-0.009884497219377453,4,2013,,
2013-04-05,60.6428,60.7071,59.9542,60.4571,95743088,AAPL,-0.010567437171455363,4,2013,,
2013-04-08,60.6928,61.0714,60.3557,60.8871,75169647,AAPL,0.007112481412439475,4,2013,,
2013-04-09,60.9085,61.2142,60.3928,60.9971,76615504,AAPL,0.0018066224208412862,4,2013,,
2013-04-10,61.1571,62.4371,60.8585,62.2414,93895844,AAPL,0.020399330459972553,4,2013,,
2013-04-11,61.9599,62.5699,61.5999,62.0471,82073628,AAPL,-0.0031217164138338527,4,2013,,
2013-04-12,62.0214,62.0214,61.2985,61.3999,59651011,AAPL,-0.010430785645098584,4,2013,,
2013-04-15,60.9999,61.1271,59.9357,59.9785,79157071,AAPL,-0.023149874836929762,4,2013,,
2013-04-16,60.2242,60.9442,60.0814,60.8914,76222076,AAPL,0.015220453996015237,4,2013,,
2013-04-17,60.0385,60.0857,56.8728,57.5428,236138966,AAPL,-0.05499298751547832,4,2013,,
2013-04-18,57.8557,57.9699,55.6774,56.0071,166438048,AAPL,-0.02668796096123227,4,2013,,
2013-04-19,55.4242,57.0857,55.0142,55.7899,152194413,AAPL,-0.0038780797434611047,4,2013,,
2013-04-22,56.0914,57.4571,55.8964,56.9528,107338322,AAPL,0.020844274680542618,4,2013,62.747386,
2013-04-23,57.7128,58.3401,56.9728,58.0185,160760747,AAPL,0.018711986065654385,4,2013,62.55067199999999,
2013-04-24,56.2199,59.3214,56.0714,57.9231,242387530,AAPL,-0.0016443031102149064,4,2013,62.337906000000004,
2013-04-25,58.7464,59.1342,58.1428,58.3399,95984896,AAPL,0.007195747465173596,4,2013,62.16784799999999,
2013-04-26,58.5442,59.8241,58.3214,59.6007,191006032,AAPL,0.021611281472885713,4,2013,62.025549999999996,
2013-04-29,60.0642,61.9452,59.9999,61.4457,159958876,AAPL,0.03095601226160083,4,2013,61.921352,
2013-04-30,62.1571,63.6071,61.7242,63.2542,172737600,AAPL,0.029432490800820776,4,2013,61.871694,
2013-05-01,63.4942,63.5614,62.0557,62.7557,126720237,AAPL,-0.007880899608247338,5,2013,61.812552000000004,
2013-05-02,63.1114,64.0842,62.9471,63.6457,105449078,AAPL,0.014181978688788455,5,2013,61.80303800000001,
2013-05-03,64.4728,64.7471,64.1642,64.2828,90319201,AAPL,0.010010102803488685,5,2013,61.814238,
2013-05-06,65.1014,66.0285,64.9014,65.8156,124017747,AAPL,0.023844636512410977,5,2013,61.842522,
2013-05-07,66.4242,66.5356,64.8142,65.5225,120499960,AAPL,-0.004453351485058432,5,2013,61.88783,
2013-05-08,65.5771,66.4814,65.1156,66.2628,118010781,AAPL,0.011298408943492877,5,2013,61.930316000000005,
2013-05-09,65.6871,66.1428,65.0828,65.2528,99555337,AAPL,-0.015242338084113682,5,2013,61.965174000000005,
2013-05-10,65.4242,65.6728,64.3542,64.7099,83631828,AAPL,-0.008319949488757361,5,2013,61.99823000000001,
2013-05-13,64.5014,65.4142,64.4999,64.9628,79220953,AAPL,0.003908211881025858,5,2013,62.067572,
2013-05-14,64.8356,65.0285,63.1642,63.4085,111647130,AAPL,-0.023926000726569696,5,2013,62.1356,
2013-05-15,62.7371,62.9999,60.3371,61.2642,185278968,AAPL,-0.03381723270539427,5,2013,62.129045999999995,
2013-05-16,60.4628,62.5499,59.8428,62.0825,150794546,AAPL,0.013356903379134977,5,2013,62.15451999999999,
2013-05-17,62.7214,62.8699,61.5728,61.8942,106973181,AAPL,-0.003033060846454383,5,2013,62.16217,
2013-05-20,61.7014,63.6857,61.4428,63.2757,112681030,AAPL,0.02232034665606797,5,2013,62.1942,
2013-05-21,62.5928,63.6399,62.0285,62.8085,113921367,AAPL,-0.007383561145905881,5,2013,62.199313999999994,
2013-05-22,63.4357,64.0499,62.6028,63.0505,110727309,AAPL,0.003852981682415546,5,2013,62.236239999999995,
2013-05-23,62.2785,63.7371,62.2557,63.1628,88244695,AAPL,0.0017811119658051044,5,2013,62.27564,
2013-05-24,62.9785,63.6657,62.9085,63.5928,69036716,AAPL,0.006807804593843114,5,2013,62.311782,
2013-05-28,64.2714,64.4442,62.9785,63.0627,96404189,AAPL,-0.008335849341434831,5,2013,62.305438,
2013-05-29,62.8571,63.9285,62.7714,63.5642,82641944,AAPL,0.007952402925976765,5,2013,62.274665999999996,
2013-05-30,63.6642,64.9285,63.5014,64.5114,88379522,AAPL,0.014901469695205671,5,2013,62.266352000000005,
2013-05-31,64.6428,65.2999,64.2142,64.2478,95832240,AAPL,-0.004086099511094066,5,2013,62.259651999999996,
2013-06-03,64.3899,64.6228,63.2114,64.3885,92926932,AAPL,0.0021899582553799313,6,2013,62.25391,
2013-06-04,64.7456,64.9185,63.9128,64.1871,72860221,AAPL,-0.0031278877439293584,6,2013,62.21791,
2013-06-05,63.6642,64.3885,63.3871,63.5871,72545760,AAPL,-0.009347672663198692,6,2013,62.16514,
2013-06-06,63.6385,63.8571,62.0071,62.6371,104230322,AAPL,-0.014940137229092154,6,2013,62.100352,
2013-06-07,62.3571,63.3199,61.8242,63.1158,101120551,AAPL,0.007642435553370186,6,2013,62.071012,
2013-06-10,63.5328,64.1541,62.3999,62.6985,112522179,AAPL,-0.006611656669169963,6,2013,62.06024,
2013-06-11,62.2485,63.2514,61.9028,62.5142,71526560,AAPL,-0.0029394642615054867,6,2013,62.085068,
2013-06-12,62.7857,63.0357,61.6428,61.7414,66295887,AAPL,-0.01236199135556404,6,2013,62.09192,
2013-06-13,61.7857,62.4485,61.2499,62.2807,71456693,AAPL,0.008734819748175582,6,2013,62.103278,
2013-06-14,62.1999,62.3271,61.2142,61.4357,67962419,AAPL,-0.013567606015988942,6,2013,62.109936,
2013-06-17,61.6342,62.2428,61.4802,61.7142,64818670,AAPL,0.004533194868781454,6,2013,62.135078,
2013-06-18,61.6514,62.1285,61.4585,61.6814,48753768,AAPL,-0.0005314822196512692,6,2013,62.150964,
2013-06-19,61.6285,61.6657,60.4285,60.4285,77715057,AAPL,-0.020312444270071617,6,2013,62.139592,
2013-06-20,59.8999,60.8542,59.3099,59.5482,89327210,AAPL,-0.014567629512564406,6,2013,62.085727999999996,
2013-06-21,59.7842,59.9999,58.3,59.0714,120286768,AAPL,-0.008006959068452169,6,2013,62.026214,
2013-06-24,58.1999,58.3799,56.8642,57.5057,120104964,AAPL,-0.026505212336257467,6,2013,61.94833,
2013-06-25,57.9571,58.2557,56.9757,57.5185,78534687,AAPL,0.00022258663054275374,6,2013,61.89912999999999,
2013-06-26,57.6999,57.8271,56.5228,56.8671,91924994,AAPL,-0.011325051939810704,6,2013,61.81864399999999,
2013-06-27,57.0357,57.3414,56.2199,56.2542,84297955,AAPL,-0.01077776077907966,6,2013,61.79287200000001,
2013-06-28,55.9085,57.1814,55.5528,56.6471,144619734,AAPL,0.00698436738945718,6,2013,61.805671999999994,
2013-07-01,57.5271,58.8957,57.3171,58.4599,97743408,AAPL,0.03200163821272395,7,2013,61.859072000000005,
2013-07-02,58.5657,60.2328,58.4957,59.7842,117442150,AAPL,0.022653134883911852,7,2013,61.91570000000001,
2013-07-03,60.1228,60.4257,59.6357,60.1142,60232158,AAPL,0.005519853071547232,7,2013,61.95761400000001,
2013-07-05,60.0557,60.4699,59.3357,59.6314,68505794,AAPL,-0.008031380272880528,7,2013,61.99178,
2013-07-08,60.0157,60.1428,58.6642,59.2928,74521398,AAPL,-0.005678216510093703,7,2013,62.01083800000001,
2013-07-09,59.0857,60.4999,58.6257,60.3357,88142026,AAPL,0.017588982136111042,7,2013,62.025538000000005,
2013-07-10,59.9428,60.6857,59.7499,60.1042,70107226,AAPL,-0.003836866067684741,7,2013,61.99870799999999,
2013-07-11,60.4214,61.1785,60.1671,61.0411,81571665,AAPL,0.015587928963366915,7,2013,61.954446,
2013-07-12,61.0928,61.3985,60.4871,60.9299,69882694,AAPL,-0.0018217233962034562,7,2013,61.91793,
2013-07-15,60.7157,61.6371,60.6857,61.0628,60478033,AAPL,0.0021811951111030403,7,2013,61.866272,
2013-07-16,60.9314,61.5299,60.5957,61.4564,54033805,AAPL,0.006445822988791816,7,2013,61.809744,
2013-07-17,61.3857,61.7457,61.1742,61.4728,49743169,AAPL,0.0002668558522789244,7,2013,61.722888000000005,
2013-07-18,61.9114,62.1242,61.5157,61.6797,54696012,AAPL,0.0033657162192057832,7,2013,61.646032,
2013-07-19,61.8714,61.9971,60.6214,60.7071,67174828,AAPL,-0.015768559185599162,7,2013,61.534918,
2013-07-22,61.3514,61.3928,60.7811,60.9014,51946202,AAPL,0.003200614096209531,7,2013,61.44789,
2013-07-23,60.8571,60.9942,59.8157,59.8557,91062300,AAPL,-0.017170377035667594,7,2013,61.350806000000006,
2013-07-24,62.7042,63.5128,62.1799,62.9299,147978789,AAPL,0.05136018791861097,7,2013,61.310148,
2013-07-25,62.9571,63.0571,62.2585,62.6428,57371671,AAPL,-0.004562219231239895,7,2013,61.294834,
2013-07-26,62.1857,63.0057,62.0485,62.9985,50031170,AAPL,0.005678226388347918,7,2013,61.32952,
2013-07-29,62.9714,64.2842,62.8857,63.9699,62021344,AAPL,0.015419414747970261,7,2013,61.367268,
2013-07-30,64.2799,65.3071,64.1757,64.7599,77257432,AAPL,0.01234955815156824,7,2013,61.424582,
2013-07-31,64.9985,65.3346,64.2042,64.6471,80637830,AAPL,-0.0017418186254148926,7,2013,61.452009999999994,
2013-08-01,65.1075,65.2571,64.7514,65.2394,51461179,AAPL,0.009162050579221814,8,2013,61.500628000000006,
2013-08-02,65.4299,66.1214,65.2371,66.0771,68467077,AAPL,0.012840400126304052,8,2013,61.56116,
2013-08-05,66.3842,67.2385,66.0214,67.0642,79589930,AAPL,0.014938609593944108,8,2013,61.639188,
2013-08-06,66.8599,67.4128,66.0242,66.4642,83715443,AAPL,-0.008946651119375093,8,2013,61.69661599999999,
2013-08-07,66.2571,66.7142,65.9671,66.4256,74663176,AAPL,-0.0005807637795987031,8,2013,61.763873999999994,
2013-08-08,66.2649,66.2999,65.4214,65.8585,63946841,AAPL,-0.008537371134020533,8,2013,61.809760000000004,
2013-08-09,65.5199,65.7799,64.8071,64.9214,66772986,AAPL,-0.014228990942702913,8,2013,61.81795999999999,
2013-08-12,65.2656,66.9499,65.2328,66.7656,91008477,AAPL,0.02840665789708785,8,2013,61.86831600000001,
2013-08-13,67.2771,70.6656,66.8642,69.9385,219634975,AAPL,0.04752297590375876,8,2013,61.97931600000001,
2013-08-14,71.1256,72.0356,70.4856,71.2142,188602792,AAPL,0.01824031113049318,8,2013,62.119858,
2013-08-15,70.9171,71.7712,69.869,71.1299,122441893,AAPL,-0.001183752678538763,8,2013,62.270714,
2013-08-16,71.4499,71.8485,71.2656,71.7614,90461889,AAPL,0.008878122983442704,8,2013,62.453199999999995,
2013-08-19,72.0485,73.3914,71.9999,72.5342,127478547,AAPL,0.01076902067128005,8,2013,62.641568,
2013-08-20,72.8156,72.9385,71.5456,71.5814,89531771,AAPL,-0.013135872457406217,8,2013,62.819226,
2013-08-21,71.9414,72.4499,71.5999,71.7656,83809726,AAPL,0.0025732941797729225,8,2013,63.004254,
2013-08-22,72.1399,72.2271,71.1714,71.8514,60877852,AAPL,0.0011955588750041102,8,2013,63.206454,
2013-08-23,71.8956,71.9071,71.3356,71.5742,55587686,AAPL,-0.0038579624057428763,8,2013,63.39232400000001,
2013-08-26,71.5356,72.8856,71.4999,71.8528,82398085,AAPL,0.0038924640443063208,8,2013,63.600666000000004,
2013-08-27,71.1428,71.7871,69.4714,69.7985,105930335,AAPL,-0.028590395920548684,8,2013,63.762352,
2013-08-28,69.4285,70.8285,69.4285,70.1279,76793066,AAPL,0.004719299125339305,8,2013,63.931282,
2013-08-29,70.2356,70.9285,70.1614,70.2428,59807748,AAPL,0.0016384349167735124,8,2013,64.127568,
2013-08-30,70.2856,70.4214,69.4999,69.6022,68078395,AAPL,-0.009119795907908124,8,2013,64.328648,
2013-09-03,70.4428,71.5142,69.6214,69.7971,83000148,AAPL,0.002800198844289392,9,2013,64.543162,
2013-09-04,71.3656,71.7485,70.8971,71.2415,86049453,AAPL,0.02069426953268838,9,2013,64.81787800000001,
2013-09-05,71.4642,71.5256,70.5199,70.7528,58913211,AAPL,-0.00685976572643765,9,2013,65.082564,
2013-09-06,71.2056,71.3399,69.9928,71.1742,89551595,AAPL,0.005955948033152136,9,2013,65.368706,
2013-09-09,72.1428,72.5599,71.9256,72.3099,84887432,AAPL,0.01595662473199555,9,2013,65.68982,
2013-09-10,72.3142,72.4928,69.9285,70.6628,185494435,AAPL,-0.02277834708663673,9,2013,65.970134,
2013-09-11,66.7157,67.6699,66.4014,66.8156,224250866,AAPL,-0.05444448847201078,9,2013,66.137248,
2013-09-12,66.9285,67.9142,66.5728,67.5271,100874816,AAPL,0.010648710780117199,9,2013,66.29210599999999,
2013-09-13,67.0485,67.4041,66.3856,66.4142,74578903,AAPL,-0.01648079067515129,9,2013,66.418106,
2013-09-16,65.8571,65.9442,63.8885,64.3028,136823442,AAPL,-0.03179139400911235,9,2013,66.511534,
2013-09-17,63.9942,65.6728,63.9285,65.0456,99756489,AAPL,0.011551596509016493,9,2013,66.62659,
2013-09-18,66.1685,66.6214,65.8085,66.3828,113743049,AAPL,0.020557885544910226,9,2013,66.747532,
2013-09-19,67.2428,67.9756,67.0356,67.4714,100918377,AAPL,0.016398826201967864,9,2013,66.89487600000001,
2013-09-20,68.2856,68.3642,66.5714,66.7728,174570949,AAPL,-0.010354016664838706,9,2013,67.00951,
2013-09-23,70.8714,70.9871,68.9428,70.0914,190021706,AAPL,0.049699877794550984,9,2013,67.19274,
2013-09-24,70.6971,70.7814,69.6885,69.8714,90602953,AAPL,-0.0031387588206256423,9,2013,67.368912,
2013-09-25,69.8856,69.9485,68.7757,68.7899,79110192,AAPL,-0.015478436098317672,9,2013,67.515582,
2013-09-26,69.4285,69.7942,69.1285,69.4599,59086559,AAPL,0.009739801918595692,9,2013,67.675324,
2013-09-27,69.1114,69.2385,68.6742,68.9642,56816676,AAPL,-0.007136491702406711,9,2013,67.821014,
2013-09-30,68.1785,68.8085,67.7729,68.1071,64852879,AAPL,-0.012428187378378919,9,2013,67.969014,
2013-10-01,68.3499,69.8771,68.3401,69.7085,88255013,AAPL,0.023512967076853908,10,2013,68.145156,
2013-10-02,69.3756,70.2571,69.1071,69.9371,71849680,AAPL,0.003279370521529046,10,2013,68.346784,
2013-10-03,70.0728,70.3356,68.6769,69.0585,80629248,AAPL,-0.012562717070053075,10,2013,68.469356,
2013-10-04,69.1228,69.2285,68.3714,69.0042,64673329,AAPL,-0.0007862898846630051,10,2013,68.59658400000001,
2013-10-07,69.5085,70.3785,69.3356,69.6785,77919884,AAPL,0.009771868958701191,10,2013,68.730184,
2013-10-08,69.9914,70.0914,68.6485,68.7056,72418815,AAPL,-0.01396270011553058,10,2013,68.824898,
2013-10-09,69.2342,69.6842,68.3256,69.5125,75311488,AAPL,0.011744311962925913,10,2013,68.91995,
2013-10-10,70.1885,70.3399,69.5771,69.9482,69650490,AAPL,0.00626793742132703,10,2013,69.025972,
2013-10-11,69.5699,70.5485,69.3085,70.4016,66934938,AAPL,0.006481939492367195,10,2013,69.129216,
2013-10-14,69.9756,71.0828,69.9071,70.8628,65474542,AAPL,0.006550987477557113,10,2013,69.22493,
2013-10-15,71.0721,71.7142,70.7885,71.2399,80018603,AAPL,0.0053215509406912,10,2013,69.308444,
2013-10-16,71.5414,71.7899,71.3185,71.5876,62775013,AAPL,0.004880691859477482,10,2013,69.41091200000001,
2013-10-17,71.4256,72.1114,71.3828,72.0714,63398335,AAPL,0.0067581536467209435,10,2013,69.52382800000001,
2013-10-18,72.2842,72.7514,72.2442,72.6985,72635570,AAPL,0.00870109363769811,10,2013,69.660628,
2013-10-21,73.1099,74.8999,73.0742,74.4802,99526945,AAPL,0.024508071005591603,10,2013,69.851804,
2013-10-22,75.2006,75.4927,72.5756,74.2667,133515753,AAPL,-0.002866533655924597,10,2013,70.001826,
2013-10-23,74.1428,75.0956,74.1428,74.9942,78431122,AAPL,0.009795776572811388,10,2013,70.10294,
2013-10-24,74.9999,76.0671,74.6356,75.9871,96191095,AAPL,0.013239690536068105,10,2013,70.198398,
2013-10-25,75.9021,76.1756,75.0156,75.1368,84448133,AAPL,-0.01119005725971911,10,2013,70.278536,
2013-10-28,75.5771,75.8571,74.7442,75.6965,137610123,AAPL,0.007449079545575721,10,2013,70.35723800000001,
2013-10-29,76.6099,77.0356,73.5056,73.8111,158952115,AAPL,-0.024907360313885074,10,2013,70.382776,
2013-10-30,74.2299,75.3599,73.8599,74.9851,88540697,AAPL,0.01590546679293503,10,2013,70.45085,
2013-10-31,74.9999,75.3556,74.4671,74.6716,68923785,AAPL,-0.00418083059167762,10,2013,70.50897,
2013-11-01,74.8599,74.9714,73.6914,74.2899,68722304,AAPL,-0.005111715833060915,11,2013,70.55774,
2013-11-04,74.4428,75.2599,74.1156,75.2499,61157033,AAPL,0.012922348798423355,11,2013,70.631254,
2013-11-05,74.9399,75.5549,74.7142,75.0641,66368071,AAPL,-0.002469106271237531,11,2013,70.69548,
2013-11-06,74.8785,74.9799,74.0285,74.4171,55844152,AAPL,-0.008619300038233857,11,2013,70.78785199999999,
2013-11-07,74.2256,74.7414,73.1971,73.2131,65655100,AAPL,-0.016179077120715646,11,2013,70.84955599999999,
2013-11-08,73.5114,74.4471,73.2271,74.3656,69829543,AAPL,0.015741718353682543,11,2013,70.932012,
2013-11-11,74.2842,74.5242,73.4871,74.1496,56863303,AAPL,-0.002904568779112826,11,2013,71.02296,
2013-11-12,73.9528,74.8456,73.8571,74.2871,51114651,AAPL,0.0018543592952624532,11,2013,71.11276,
2013-11-13,73.9999,74.6071,73.8514,74.3762,49304927,AAPL,0.001199400703487008,11,2013,71.175454,
2013-11-14,74.6871,75.6114,74.5528,75.4514,70605087,AAPL,0.014456237344742107,11,2013,71.26942600000001,
2013-11-15,75.2256,75.5842,74.9271,74.9986,79479764,AAPL,-0.006001214026512547,11,2013,71.34591400000001,
2013-11-18,74.9985,75.3128,74.0285,74.0898,61236224,AAPL,-0.012117559527777821,11,2013,71.381512,
2013-11-19,74.1471,74.7685,73.9956,74.2214,52234707,AAPL,0.0017762229078768232,11,2013,71.452684,
2013-11-20,74.1756,74.3456,73.4756,73.5714,48545798,AAPL,-0.0087575820450706,11,2013,71.5878,
2013-11-21,73.9428,74.4585,73.3814,74.4479,65506861,AAPL,0.011913596859649322,11,2013,71.72621600000001,65.67035200000001
2013-11-22,74.2171,74.5942,74.0756,74.2571,55931232,AAPL,-0.002562866111737283,11,2013,71.883074,65.7023665
2013-11-25,74.4314,75.1242,74.4285,74.8199,57348403,AAPL,0.007579073246868129,11,2013,72.09341599999999,65.733659
2013-11-26,74.8742,76.5914,74.8571,76.1999,100345728,AAPL,0.018444290890525128,11,2013,72.316502,65.78044449999999
2013-11-27,76.6156,77.9999,76.1999,77.9942,90861841,AAPL,0.02354727499642406,11,2013,72.54872999999999,65.8368375
2013-11-29,78.4971,79.7613,78.2585,79.4385,79532215,AAPL,0.018518043649399463,11,2013,72.788072,65.900752
2013-12-02,79.7142,80.6185,78.6885,78.7471,118135885,AAPL,-0.008703588310454036,12,2013,73.02755800000001,65.965802
2013-12-03,79.7571,80.9113,79.6685,80.9031,112741734,AAPL,0.02737878601243726,12,2013,73.243792,66.0417535
2013-12-04,80.7856,81.3128,80.1171,80.7142,94452666,AAPL,-0.002334891988069576,12,2013,73.460648,66.1247175
2013-12-05,81.8071,82.1622,80.9156,81.1286,111895315,AAPL,0.005134164744245773,12,2013,73.70742200000001,66.2117465
2013-12-06,80.8271,80.9642,79.9385,80.0028,86088352,AAPL,-0.013876733975441646,12,2013,73.91828,66.2897535
2013-12-09,80.1285,81.3685,80.1285,80.9185,80123533,AAPL,0.011445849395271157,12,2013,74.157366,66.37806049999999
2013-12-10,80.5113,81.1256,80.1713,80.7928,69567610,AAPL,-0.0015534148556880512,12,2013,74.41108,66.461332
2013-12-11,80.9999,81.5671,79.9556,80.1942,89929693,AAPL,-0.007409076056282271,12,2013,74.620794,66.5447535
2013-12-12,80.3058,80.7628,80.0042,80.0771,65572318,AAPL,-0.0014602053515091473,12,2013,74.823594,66.6298535
2013-12-13,80.4071,80.4113,79.0956,79.2042,83205283,AAPL,-0.010900744407577267,12,2013,75.02650799999999,66.718396
2013-12-16,79.2885,80.3769,79.2871,79.6428,70648452,AAPL,0.00553758512806124,12,2013,75.23928,66.8165745
2013-12-17,79.4013,79.9199,79.0535,79.2842,57475649,AAPL,-0.004502604127428866,12,2013,75.431394,66.905036
2013-12-18,78.5285,78.7785,76.9714,78.6813,141465807,AAPL,-0.007604289379220641,12,2013,75.630908,66.9943985
2013-12-19,78.4999,78.5713,77.6757,77.7799,80239369,AAPL,-0.01145634350220437,12,2013,75.796256,67.0757395
2013-12-20,77.9185,78.8013,77.831,78.4314,109103435,AAPL,0.008376200020828062,12,2013,75.96592000000001,67.1595255
2013-12-23,81.1428,81.5313,80.3942,81.4413,125326831,AAPL,0.038376211568325935,12,2013,76.186714,67.253968
2013-12-24,81.4128,81.6971,80.8613,81.0956,41888735,AAPL,-0.004244775071124751,12,2013,76.39137000000001,67.353425
2013-12-26,81.1571,81.3571,80.4822,80.5571,51002035,AAPL,-0.006640310941654071,12,2013,76.577714,67.4502465
2013-12-27,80.5456,80.6299,79.9285,80.0128,56471317,AAPL,-0.0067566980439962565,12,2013,76.746218,67.541382
2013-12-30,79.6371,80.0128,78.9029,79.2171,63407722,AAPL,-0.009944658854583177,12,2013,76.889132,67.620568
2013-12-31,79.1671,80.1828,79.1428,80.1456,55819372,AAPL,0.011720954187921517,12,2013,77.038074,67.695782
2014-01-02,79.3828,79.5756,78.8601,79.0185,58791957,AAPL,-0.014063155057794763,1,2014,77.12884,67.766239
2014-01-03,78.9799,79.0999,77.2042,77.2828,98303870,AAPL,-0.02196574219961156,1,2014,77.189162,67.829739
2014-01-06,76.7785,78.1142,76.2285,77.7042,103359151,AAPL,0.005452700989094561,1,2014,77.24336199999999,67.894882
2014-01-07,77.7599,77.9942,76.8464,77.1481,79432766,AAPL,-0.007156627312294606,1,2014,77.266582,67.950687
2014-01-08,76.9728,77.9371,76.9556,77.6371,64686685,AAPL,0.006338458108495315,1,2014,77.316588,68.0077445
2014-01-09,78.1142,78.1228,76.4785,76.6455,69905199,AAPL,-0.012772244197683857,1,2014,77.335568,68.0615895
2014-01-10,77.1185,77.2571,75.8728,76.1342,76320664,AAPL,-0.006670972203195125,1,2014,77.38203,68.1193465
2014-01-13,75.7014,77.4999,75.6971,76.5328,94860843,AAPL,0.005235492065326586,1,2014,77.412984,68.18582500000001
2014-01-14,76.8885,78.1042,76.8085,78.0556,83734371,AAPL,0.019897351201053626,1,2014,77.48066399999999,68.269739
2014-01-15,79.0742,80.0285,78.8085,79.6228,98472619,AAPL,0.020077995685126915,1,2014,77.587322,68.36085899999999
2014-01-16,79.2713,79.5499,78.8113,79.1785,57471330,AAPL,-0.005580059982818963,1,2014,77.665894,68.44818749999999
2014-01-17,78.7828,78.8671,77.1285,77.2385,108426689,AAPL,-0.024501600813352065,1,2014,77.70938199999999,68.528866
2014-01-21,77.2842,78.5813,77.2028,78.4385,82255544,AAPL,0.015536293428795256,1,2014,77.78981,68.618773
2014-01-22,78.702,79.6128,78.2585,78.7871,95219334,AAPL,0.004444246129132967,1,2014,77.90129,68.708273
2014-01-23,78.5628,79.4999,77.8294,79.4542,100978346,AAPL,0.008467122155784379,1,2014,78.003062,68.8005585
2014-01-24,79.1428,79.3742,77.8214,78.0099,108384437,AAPL,-0.01817776782095848,1,2014,78.08026799999999,68.879401
2014-01-27,78.5813,79.2571,77.9642,78.6428,144219152,AAPL,0.008113072827935941,1,2014,78.167382,68.96237950000001
2014-01-28,72.6799,73.5714,71.7242,72.3571,266833581,AAPL,-0.07992721520596913,1,2014,78.127,69.0171655
2014-01-29,71.9928,72.4814,71.2314,71.5356,125942796,AAPL,-0.011353412450194944,1,2014,78.048684,69.074951
2014-01-30,71.7914,72.3571,70.9571,71.3974,169762789,AAPL,-0.0019319052331985276,1,2014,77.97666,69.127481
2014-01-31,70.7399,71.6471,70.5071,71.5142,116336444,AAPL,0.001635913912831466,1,2014,77.925148,69.197338
2014-02-03,71.8014,72.5328,71.3285,71.6471,100620772,AAPL,0.0018583721834264377,2,2014,77.873662,69.27553800000001
2014-02-04,72.2642,72.7799,71.8228,72.6842,94273543,AAPL,0.014475114833677916,2,2014,77.855918,69.3600095
2014-02-05,72.3656,73.6114,72.3216,73.2271,82322156,AAPL,0.007469298692150295,2,2014,77.831502,69.441381
2014-02-06,72.8656,73.3571,72.5442,73.2156,64497223,AAPL,-0.00015704568390662033,2,2014,77.81067200000001,69.5173665
2014-02-07,74.4828,74.7042,73.9114,74.2399,93638601,AAPL,0.01399018788345674,2,2014,77.79907200000001,69.5989505
2014-02-10,74.0942,75.9985,73.9999,75.5699,86451022,AAPL,0.017914894820709515,2,2014,77.786472,69.6851005
2014-02-11,75.8014,76.8214,75.6428,76.5656,70672252,AAPL,0.01317588087320476,2,2014,77.7579,69.769925
2014-02-12,76.7071,77.0799,76.1771,76.5599,77127064,AAPL,-7.444596528993763e-05,2,2014,77.700328,69.845496
2014-02-13,76.3799,77.8356,76.3142,77.7756,76960156,AAPL,0.015879069852494654,2,2014,77.680898,69.918103
2014-02-14,77.4956,77.9971,77.3156,77.7128,68468036,AAPL,-0.0008074511800615358,2,2014,77.617092,69.99288849999999
2014-02-18,77.9999,78.7413,77.9442,77.9985,65306248,AAPL,0.00367635704800251,2,2014,77.562778,70.0646525
2014-02-19,77.8214,78.1271,76.3356,76.7671,78554420,AAPL,-0.015787483092623678,2,2014,77.475548,70.12707400000001
2014-02-20,76.1414,76.7142,75.5714,75.8785,76529103,AAPL,-0.011575271177366342,2,2014,77.393062,70.1773885
2014-02-21,76.1132,76.3671,74.9428,75.0356,69757247,AAPL,-0.011108548534828677,2,2014,77.275404,70.224954
2014-02-24,74.7356,75.7028,74.6314,75.3642,72364950,AAPL,0.004379254647127517,2,2014,77.166832,70.270461
2014-02-25,75.6256,75.6521,74.4285,74.5799,58247350,AAPL,-0.010406797922621114,2,2014,77.054546,70.3170965
2014-02-26,74.8014,74.9999,73.6571,73.9071,69131286,AAPL,-0.009021197400371883,2,2014,76.931146,70.3630825
2014-02-27,73.8771,75.5399,73.7214,75.3814,75557321,AAPL,0.019948015819860387,2,2014,76.85469,70.41517549999999
2014-02-28,75.5828,76.1071,74.5885,75.1771,93074653,AAPL,-0.002710217639895318,2,2014,76.765376,70.4740185
2014-03-03,74.7742,75.8071,74.6871,75.3942,59667923,AAPL,0.0028878474961124834,3,2014,76.68757599999999,70.5446685
2014-03-04,75.8571,76.0914,75.3956,75.8914,64884834,AAPL,0.006594671738674895,3,2014,76.631778,70.613713
2014-03-05,75.8456,76.3928,75.5899,76.0514,50065519,AAPL,0.0021082757730124246,3,2014,76.597208,70.684499
2014-03-06,76.1128,76.3485,75.4428,75.8214,46423111,AAPL,-0.00302427042763187,3,2014,76.545008,70.7472275
2014-03-07,75.8699,75.9971,75.1499,75.7771,55415241,AAPL,-0.0005842677660923279,3,2014,76.43172399999999,70.8120705
2014-03-10,75.4799,76.1899,75.4769,75.8456,44691430,AAPL,0.0009039670296171476,3,2014,76.326724,70.876046
2014-03-11,76.4928,76.9628,76.0842,76.5842,70198849,AAPL,0.009738204984863774,3,2014,76.247266,70.943153
2014-03-12,76.3585,76.7642,75.9999,76.6585,50195460,AAPL,0.0009701740045597873,3,2014,76.18018000000001,71.0084815
2014-03-13,76.7771,77.0942,75.5942,75.8071,64435609,AAPL,-0.01110640046439726,3,2014,76.11198,71.0722035
2014-03-14,75.5414,75.8414,74.7142,74.9556,59299492,AAPL,-0.0112324571181327,3,2014,76.00818,71.1291605
2014-03-17,75.3856,75.7099,75.1214,75.2485,49886074,AAPL,0.003907646660156194,3,2014,75.93278000000001,71.182846
2014-03-18,75.1285,75.9956,75.0285,75.9142,52411863,AAPL,0.008846687973846468,3,2014,75.90540800000001,71.241178
2014-03-19,76.0371,76.6056,75.5714,75.8942,56188958,AAPL,-0.00026345532192917354,3,2014,75.869208,71.2987065
2014-03-20,75.6985,76.0956,75.3356,75.5285,52099537,AAPL,-0.0048185500341264564,3,2014,75.836816,71.3554135
2014-03-21,75.9899,76.2499,75.1899,76.1242,93612169,AAPL,0.007887088979656731,3,2014,75.80655800000001,71.418099
2014-03-24,76.9171,77.2142,76.4371,77.0271,88924871,AAPL,0.011860879982975137,3,2014,75.81419,71.490049
2014-03-25,77.3571,77.9642,77.0842,77.8556,70573356,AAPL,0.01075595472242874,3,2014,75.848618,71.563748
2014-03-26,78.0742,78.4285,76.9799,77.1114,74942224,AAPL,-0.009558721530628422,3,2014,75.86019,71.6358125
2014-03-27,77.1449,77.3571,76.4457,76.7799,55507676,AAPL,-0.0042989752487959665,3,2014,75.834676,71.70714100000001
2014-03-28,76.9028,76.9913,76.3214,76.6942,50141063,AAPL,-0.0011161775412575903,3,2014,75.77610399999999,71.781905
2014-03-31,77.0328,77.2585,76.5614,76.6771,42167188,AAPL,-0.00022296340531613446,3,2014,75.726076,71.853887
2014-04-01,76.8228,77.4099,76.6814,77.3785,50189685,AAPL,0.009147450803434154,4,2014,75.728876,71.933601
2014-04-02,77.4828,77.6399,77.1799,77.5071,44792195,AAPL,0.0016619603636667257,4,2014,75.71024799999999,72.0125655
2014-04-03,77.3414,77.4999,76.8056,76.9699,40648111,AAPL,-0.006930977936214888,4,2014,75.673904,72.089008
2014-04-04,77.1156,77.1428,75.7971,75.9742,68812485,AAPL,-0.01293622571940456,4,2014,75.604304,72.16673650000001
2014-04-07,75.4314,75.8428,74.5556,74.7814,72462530,AAPL,-0.01570006660155676,4,2014,75.539734,72.2429025
2014-04-08,75.0271,75.1599,74.0999,74.7771,60971883,AAPL,-5.75009293755091e-05,4,2014,75.46242000000001,72.321431
2014-04-09,74.6628,75.7842,74.5742,75.7599,51542722,AAPL,0.013143061177820492,4,2014,75.530476,72.412702
2014-04-10,75.8114,76.0342,74.7385,74.7828,59912818,AAPL,-0.012897324310090275,4,2014,75.59542,72.4990235
2014-04-11,74.1428,74.6899,73.8771,74.2299,67975012,AAPL,-0.007393411319180254,4,2014,75.65207,72.5858375
2014-04-14,74.5571,74.5942,73.8871,74.5256,51445177,AAPL,0.003983569963047273,4,2014,75.71229799999999,72.6771945
2014-04-15,74.3242,74.5199,73.0471,73.9942,66622577,AAPL,-0.007130435716049099,4,2014,75.75924,72.76393
2014-04-16,74.0071,74.4414,73.4478,74.1442,53732994,AAPL,0.0020271859145715165,4,2014,75.78844,72.84235149999999
2014-04-17,74.2856,75.3942,74.1714,74.9914,71106721,AAPL,0.011426382643551447,4,2014,75.823726,72.9183875
2014-04-21,75.0485,76.0199,74.8514,75.8814,45668931,AAPL,0.011868027533823877,4,2014,75.877042,72.9972235
2014-04-22,75.4728,75.9751,75.2144,75.9569,50664453,AAPL,0.0009949737353291965,4,2014,75.91138199999999,73.078851
2014-04-23,75.5799,75.8756,74.9214,74.9642,98735259,AAPL,-0.013069253747849063,4,2014,75.899268,73.157208
2014-04-24,81.1728,81.4285,80.1042,81.1099,189978082,AAPL,0.08198179931220495,4,2014,75.990154,73.261079
2014-04-25,80.6471,81.7128,80.5656,81.7056,97568814,AAPL,0.007344356237648064,4,2014,76.09306799999999,73.369086
2014-04-28,81.8285,85.1071,81.7928,84.8699,167371680,AAPL,0.03872806759879377,4,2014,76.234954,73.48823
2014-04-29,84.8199,85.1399,84.2156,84.6185,84344673,AAPL,-0.002962180938118286,4,2014,76.373068,73.606673
2014-04-30,84.6628,85.6328,84.2571,84.2985,114220883,AAPL,-0.003781678947274991,4,2014,76.499068,73.72285149999999
2014-05-01,84.5713,84.9713,83.7656,84.4971,61052418,AAPL,0.0023559138062954066,5,2014,76.653668,73.838055
2014-05-02,84.6199,84.8856,84.2442,84.6542,47878572,AAPL,0.0018592354057120897,5,2014,76.829182,73.953962
2014-05-05,84.3056,85.8571,84.2856,85.8513,71766758,AAPL,0.014141058565316111,5,2014,77.045496,74.07482
2014-05-06,85.9713,86.3442,84.9156,84.9156,93641373,AAPL,-0.010899077824098158,5,2014,77.236524,74.19586249999999
2014-05-07,85.0356,85.3271,83.9613,84.6185,70715988,AAPL,-0.003498768188648471,5,2014,77.437296,74.314448
2014-05-08,84.0356,84.9156,83.7713,83.9985,57574363,AAPL,-0.007327002960345386,5,2014,77.639124,74.435162
2014-05-09,83.5056,83.7499,82.9042,83.6488,72899498,AAPL,-0.004163169580409298,5,2014,77.804472,74.5387565
2014-05-12,83.9271,84.8085,83.9142,84.6899,53324677,AAPL,0.012446084104015931,5,2014,77.994728,74.64899199999999
2014-05-13,84.5713,84.9342,84.3856,84.8228,39934594,AAPL,0.001569254421129429,5,2014,78.1833,74.7581135
2014-05-14,84.6328,85.3428,84.5342,84.8385,41600846,AAPL,0.00018509174420078267,5,2014,78.36224200000001,74.8624565
2014-05-15,84.9571,85.2285,84.0056,84.1171,57711731,AAPL,-0.008503214931900094,5,2014,78.523556,74.9592425
2014-05-16,84.0899,85.3613,83.6285,85.3585,69091834,AAPL,0.014757998076491141,5,2014,78.714298,75.0627995
2014-05-19,85.4071,86.7613,85.3328,86.3699,79439024,AAPL,0.011848849265158057,5,2014,78.92615400000001,75.168452
2014-05-20,86.3585,86.6285,85.8185,86.3871,58708986,AAPL,0.00019914345159599556,5,2014,79.136984,75.270002
2014-05-21,86.2613,86.6713,86.0085,86.6156,49249914,AAPL,0.002645070849698561,5,2014,79.337612,75.36775899999999
2014-05-22,86.6571,87.1213,86.2999,86.7528,50218945,AAPL,0.0015840102706670134,5,2014,79.539498,75.46920200000001
2014-05-23,86.7499,87.8184,86.6385,87.7328,58052491,AAPL,0.011296465359043273,5,2014,79.778012,75.575738
2014-05-27,87.9828,89.4085,87.9471,89.3756,87216605,AAPL,0.018725037842175496,5,2014,80.066412,75.69332349999999
2014-05-28,89.4313,89.9756,89.1113,89.1442,78921885,AAPL,-0.002589073527898056,5,2014,80.344326,75.8144375
2014-05-29,89.6928,90.9813,89.6813,90.7685,94118633,AAPL,0.018221039618954604,5,2014,80.641412,75.93445200000001
2014-05-30,91.1399,92.0242,89.8428,90.4285,141005137,AAPL,-0.0037457928686713826,5,2014,80.93209800000001,76.036902
2014-06-02,90.5656,90.6899,88.9285,89.8071,92337903,AAPL,-0.006871727386830395,6,2014,81.21767000000001,76.12986649999999
2014-06-03,89.7799,91.2485,89.7499,91.0771,73231620,AAPL,0.014141420889885126,6,2014,81.516728,76.2296025
2014-06-04,91.0628,92.5556,90.8728,92.1171,83870521,AAPL,0.01141889673694041,6,2014,81.818528,76.33138100000001
2014-06-05,92.3142,92.767,91.8013,92.4785,75951141,AAPL,0.0039232672326854345,6,2014,82.110986,76.4311025
2014-06-06,92.8428,93.037,92.0671,92.2242,87620911,AAPL,-0.0027498283384786992,6,2014,82.41324200000001,76.53431649999999
2014-06-09,92.7,93.88,91.75,93.7,75414804,AAPL,0.016002307420395212,6,2014,82.751644,76.6439885
2014-06-10,94.73,95.05,93.57,94.25,62777042,AAPL,0.005869797225186657,6,2014,83.10276,76.7559815
2014-06-11,94.13,94.76,93.47,93.86,45681114,AAPL,-0.004137931034482789,6,2014,83.446418,76.86741049999999
2014-06-12,94.04,94.12,91.9,92.29,54748791,AAPL,-0.01672704027274652,6,2014,83.744648,76.9695965
2014-06-13,92.2,92.44,90.88,91.28,54525280,AAPL,-0.010943764221475805,6,2014,84.020106,77.077004
2014-06-16,91.51,92.75,91.45,92.2,35561270,AAPL,0.010078878177037787,6,2014,84.32470800000002,77.1873645
2014-06-17,92.31,92.7,91.8,92.08,29726347,AAPL,-0.0013015184381779399,6,2014,84.646824,77.29655050000001
2014-06-18,92.27,92.29,91.35,92.18,33514108,AAPL,0.0010860121633362585,6,2014,84.994796,77.4094395
2014-06-19,92.29,92.3,91.3389,91.86,35527686,AAPL,-0.003471468865263727,6,2014,85.33645400000002,77.519754
2014-06-20,91.85,92.55,90.9,90.91,100898066,AAPL,-0.0103418245155672,6,2014,85.63945600000001,77.61809650000001
2014-06-23,91.32,91.62,90.6,90.83,43694391,AAPL,-0.0008799912000879706,6,2014,85.9604,77.7184825
2014-06-24,90.75,91.74,90.19,90.28,39036087,AAPL,-0.0060552680832324235,6,2014,86.281402,77.81401149999999
2014-06-25,90.21,90.7,89.65,90.36,36868541,AAPL,0.0008861320336730483,6,2014,86.59809000000001,77.904262
2014-06-26,90.37,91.05,89.8,90.9,32629359,AAPL,0.005976095617529875,6,2014,86.936206,78.005448
2014-06-27,90.82,92.0,90.77,91.98,64028803,AAPL,0.011881188118811892,6,2014,87.29292200000002,78.13127
2014-06-30,92.1,93.725,92.09,92.93,49589028,AAPL,0.010328332246140493,6,2014,87.65169399999999,78.2582845
2014-07-01,93.52,94.07,93.13,93.52,38223477,AAPL,0.006348864736898552,7,2014,88.00446600000001,78.3938135
2014-07-02,93.865,94.06,93.09,93.48,28465073,AAPL,-0.00042771599657820403,7,2014,88.354928,78.5396995
2014-07-03,93.67,94.1,93.2,94.03,22891753,AAPL,0.005883611467693672,7,2014,88.736244,78.6846215
2014-07-07,94.14,95.99,94.1,95.968,56467939,AAPL,0.020610443475486573,7,2014,89.03340600000001,78.8325475
2014-07-08,96.27,96.8,93.92,95.35,65221678,AAPL,-0.0064396465488497645,7,2014,89.306294,78.9719405
2014-07-09,95.44,95.95,94.76,95.39,36436440,AAPL,0.0004195070791819244,7,2014,89.516696,79.1150265
2014-07-10,93.76,95.55,93.52,95.035,39685552,AAPL,-0.003721564105252151,7,2014,89.725026,79.2397445
2014-07-11,95.36,95.89,94.8625,95.22,34018228,AAPL,0.001946651233756036,7,2014,89.94345600000001,79.3664875
2014-07-14,95.86,96.89,95.65,96.45,42810155,AAPL,0.012917454316320187,7,2014,90.182514,79.504788
2014-07-15,96.8,96.85,95.03,95.32,45696176,AAPL,-0.01171591498185598,7,2014,90.39582999999999,79.6340885
2014-07-16,96.97,97.1,94.74,94.78,53502415,AAPL,-0.005665127989928576,7,2014,90.57440400000002,79.76316750000001
2014-07-17,95.03,95.279,92.57,93.0899,57298243,AAPL,-0.01783182105929526,7,2014,90.73789000000001,79.8880815
2014-07-18,93.62,94.74,93.02,94.43,49987593,AAPL,0.014395761516555527,7,2014,90.93412000000001,80.01168899999999
2014-07-21,94.99,95.0,93.72,93.939,39079002,AAPL,-0.005199618765223013,7,2014,91.13293,80.1316985
2014-07-22,94.68,94.89,94.12,94.72,55196597,AAPL,0.00831390583250835,7,2014,91.354354,80.260006
2014-07-23,95.42,97.88,95.17,97.19,92917719,AAPL,0.026076858108108114,7,2014,91.604356,80.400935
2014-07-24,97.035,97.32,96.42,97.03,45728843,AAPL,-0.0016462599032821545,7,2014,91.84849999999999,80.53769249999999
2014-07-25,96.85,97.84,96.64,97.671,43469117,AAPL,0.006606204266721649,7,2014,92.10515,80.6825195
2014-07-28,97.82,99.24,97.55,99.02,55317689,AAPL,0.013811673884776443,7,2014,92.403208,80.830057
2014-07-29,99.33,99.44,98.25,98.38,43143095,AAPL,-0.006463340739244594,7,2014,92.663638,80.972216
2014-07-30,98.44,98.7,97.67,98.15,33010001,AAPL,-0.002337873551534808,7,2014,92.89924,81.110958
2014-07-31,97.16,97.45,95.33,95.6,56842647,AAPL,-0.025980641874681742,7,2014,93.083498,81.234644
2014-08-01,94.9,96.62,94.81,96.13,48511286,AAPL,0.00554393305439338,8,2014,93.273786,81.3590945
2014-08-04,96.37,96.58,95.17,95.59,39958144,AAPL,-0.005617393113492075,8,2014,93.45053,81.4791065
2014-08-05,95.36,95.68,94.36,95.12,55932663,AAPL,-0.004916832304634355,8,2014,93.598274,81.59434949999999
2014-08-06,94.75,95.48,94.71,94.96,38558342,AAPL,-0.001682085786375187,8,2014,93.70996199999999,81.705657
2014-08-07,94.93,95.95,94.1,94.48,46711179,AAPL,-0.005054759898904693,8,2014,93.81667800000001,81.805656
2014-08-08,94.26,94.82,93.28,94.74,41865193,AAPL,0.0027519051651141435,8,2014,93.896108,81.9080225
2014-08-11,95.27,96.08,94.8355,95.99,36584844,AAPL,0.013194004644289548,8,2014,94.007338,82.01300150000002
2014-08-12,96.04,96.88,95.61,95.97,33795352,AAPL,-0.00020835503698302116,8,2014,94.13059600000001,82.112916
2014-08-13,96.15,97.24,96.04,97.24,31866088,AAPL,0.013233302073564657,8,2014,94.25385399999999,82.22343199999999
2014-08-14,97.33,97.57,96.8,97.5,28115566,AAPL,0.002673796791443861,8,2014,94.361512,82.3324495
2014-08-15,97.9,98.19,96.86,97.98,48951331,AAPL,0.00492307692307703,8,2014,94.47154200000001,82.453294
2014-08-18,98.49,99.37,97.98,99.16,47572413,AAPL,0.012043274137579107,8,2014,94.61025799999999,82.5741685
2014-08-19,99.41,100.68,99.32,100.53,69399270,AAPL,0.01381605486083104,8,2014,94.74685799999999,82.7034605
2014-08-20,100.44,101.09,99.95,100.57,52699192,AAPL,0.0003978911767630322,8,2014,94.87325799999999,82.83486099999999
2014-08-21,100.57,100.94,100.11,100.58,33478198,AAPL,9.94332305856993e-05,8,2014,95.007658,82.9615115
2014-08-22,100.29,101.47,100.19,101.32,44183834,AAPL,0.007357327500497002,8,2014,95.188258,83.09279099999999
2014-08-25,101.79,102.17,101.28,101.54,40270173,AAPL,0.0021713383339914127,8,2014,95.39345800000001,83.22840550000001
2014-08-26,101.42,101.5,100.86,100.889,33151984,AAPL,-0.006411266495962242,8,2014,95.567238,83.366785
2014-08-27,101.02,102.57,100.7,102.13,52369011,AAPL,0.012300647245983232,8,2014,95.768238,83.505607
2014-08-28,101.59,102.78,101.56,102.25,68459801,AAPL,0.0011749730735337582,8,2014,95.96963800000002,83.646109
2014-08-29,102.86,102.9,102.2,102.5,44595247,AAPL,0.0024449877750611915,8,2014,96.182438,83.78717350000001
2014-09-02,103.06,103.74,102.72,103.3,53564262,AAPL,0.007804878048780495,9,2014,96.43023799999999,83.93179249999999
2014-09-03,103.1,103.2,98.58,98.94,125420521,AAPL,-0.04220716360116161,9,2014,96.592438,84.0492355
2014-09-04,98.85,100.09,97.79,98.12,85718221,AAPL,-0.008287851222963383,9,2014,96.749238,84.16484250000002
2014-09-05,98.8,99.39,98.31,98.97,58457035,AAPL,0.008662861801875144,9,2014,96.921438,84.2892435
2014-09-08,99.3,99.31,98.05,98.36,46356742,AAPL,-0.0061634838840052275,9,2014,97.070638,84.4099365
2014-09-09,99.08,103.08,96.14,97.99,189846255,AAPL,-0.003761691744611717,9,2014,97.19083799999999,84.53202950000001
2014-09-10,98.01,101.11,97.76,101.0,100869587,AAPL,0.030717420144912744,9,2014,97.352238,84.66479000000001
2014-09-11,100.41,101.44,99.62,101.43,62399743,AAPL,0.004257425742574261,9,2014,97.510438,84.80065450000001
2014-09-12,101.21,102.19,101.08,101.66,64096903,AAPL,0.0022675736961450532,9,2014,97.674038,84.93485500000001
2014-09-15,102.81,103.05,101.44,101.63,61316516,AAPL,-0.000295101318119273,9,2014,97.82603799999998,85.0620055
2014-09-16,99.8,101.26,98.89,100.86,66908133,AAPL,-0.007576503001082369,9,2014,97.92387799999999,85.1763345
2014-09-17,101.27,101.8,100.5922,101.58,60926498,AAPL,0.007138607971445499,9,2014,98.04847799999999,85.287042
2014-09-18,101.93,102.35,101.56,101.79,37299435,AAPL,0.0020673360897816018,9,2014,98.176478,85.40225650000001
2014-09-19,102.29,102.35,100.88,100.96,70902406,AAPL,-0.008154042636801417,9,2014,98.29497799999999,85.50254100000001
2014-09-22,101.8,102.14,100.58,101.06,52788426,AAPL,0.0009904912836768975,9,2014,98.411778,85.60427
2014-09-23,100.6,102.94,100.54,102.64,63402196,AAPL,0.015634276667326308,9,2014,98.535578,85.71182700000001
2014-09-24,102.16,102.85,101.2,101.75,60171828,AAPL,-0.008671083398285262,9,2014,98.664178,85.820563
2014-09-25,100.51,100.71,97.72,97.87,100091990,AAPL,-0.038132678132678066,9,2014,98.725978,85.9053205
2014-09-26,98.53,100.75,98.4,100.75,62370501,AAPL,0.029426790640645795,9,2014,98.87917999999999,86.0051065
2014-09-29,98.65,100.435,98.63,100.11,49766312,AAPL,-0.006352357320099311,9,2014,98.99278,86.10468550000002
2014-09-30,100.81,101.54,100.53,100.75,55264139,AAPL,0.006392967735491029,9,2014,99.12899999999999,86.20805
2014-10-01,100.59,100.69,98.7,99.18,51491286,AAPL,-0.015583126550868465,10,2014,99.2182,86.307929
2014-10-02,99.27,100.22,98.04,99.9,47757828,AAPL,0.007259528130671544,10,2014,99.2724,86.409215
2014-10-03,99.44,100.21,99.04,99.62,43469585,AAPL,-0.002802802802802762,10,2014,99.3242,86.510894
2014-10-06,99.95,100.65,99.42,99.62,37051182,AAPL,0.0,10,2014,99.36318,86.6155875
2014-10-07,99.43,100.12,98.73,98.75,42094183,AAPL,-0.008733186107207414,10,2014,99.35777999999999,86.72043800000002
2014-10-08,98.76,101.11,98.31,100.8,57404674,AAPL,0.020759493670886142,10,2014,99.40617999999999,86.83228100000001
2014-10-09,101.54,102.38,100.61,101.02,77376525,AAPL,0.002182539682539675,10,2014,99.46358000000001,86.9301745
2014-10-10,100.69,102.03,100.3,100.73,66331592,AAPL,-0.002870718669570338,10,2014,99.56617999999999,87.02834650000001
2014-10-13,101.33,101.78,99.81,99.81,53583368,AAPL,-0.009133326714980683,10,2014,99.63978000000002,87.124611
2014-10-14,100.39,100.52,98.57,98.75,63688562,AAPL,-0.010620178338843878,10,2014,99.70298000000001,87.218297
2014-10-15,97.97,99.15,95.18,97.54,100933600,AAPL,-0.012253164556962015,10,2014,99.75138000000001,87.3099115
2014-10-16,95.55,97.72,95.41,96.26,72154523,AAPL,-0.01312282140660248,10,2014,99.77738000000001,87.39048350000002
2014-10-17,97.5,99.0,96.81,97.67,68179688,AAPL,0.014647828797007989,10,2014,99.84118000000001,87.483741
2014-10-20,98.315,99.96,98.22,99.76,77517279,AAPL,0.02139858707893927,10,2014,99.94157999999999,87.596127
2014-10-21,103.02,103.02,101.27,102.47,94623904,AAPL,0.027165196471531594,10,2014,100.07118,87.719956
2014-10-22,102.84,104.11,102.6,102.99,68263146,AAPL,0.005074655996877064,10,2014,100.21158,87.8491655
2014-10-23,104.08,105.051,103.63,104.83,71074674,AAPL,0.01786581221477812,10,2014,100.36337999999999,87.98512999999998
2014-10-24,105.18,105.49,104.53,105.22,47053916,AAPL,0.0037203090718305187,10,2014,100.51778,88.12800250000001
2014-10-27,104.85,105.48,104.7,105.11,34187701,AAPL,-0.001045428625736533,10,2014,100.66037999999999,88.2728815
2014-10-28,105.4,106.74,105.35,106.74,48060949,AAPL,0.015507563504899569,10,2014,100.81198,88.4239175
2014-10-29,106.65,107.37,106.36,107.34,52687879,AAPL,0.005621135469364935,10,2014,100.94818000000001,88.5703395
2014-10-30,106.959,107.35,105.9,106.98,40654793,AAPL,-0.003353828954723359,10,2014,101.07638000000001,88.7071255
2014-10-31,108.01,108.04,107.21,108.0,44639285,AAPL,0.009534492428491248,10,2014,101.22478,88.85123300000001
2014-11-03,108.22,110.3,108.01,109.4,52282550,AAPL,0.012962962962963065,11,2014,101.38637999999999,89.0120405
2014-11-04,109.36,109.49,107.72,108.6,41574365,AAPL,-0.007312614259597949,11,2014,101.52758,89.16284800000001
2014-11-05,109.1,109.3,108.125,108.86,37435905,AAPL,0.0023941068139963217,11,2014,101.68699999999998,89.31321249999999
2014-11-06,108.6,108.79,107.8,108.7,34968457,AAPL,-0.0014697776961234421,11,2014,101.8184,89.4594415
2014-11-07,108.75,109.32,108.55,109.01,33691535,AAPL,0.00285188592456298,11,2014,101.9536,89.614442
2014-11-10,109.02,109.33,108.67,108.83,27195547,AAPL,-0.001651224658288264,11,2014,102.08019999999999,89.765378
2014-11-11,108.7,109.75,108.4,109.7,27442252,AAPL,0.007994119268584177,11,2014,102.20820000000002,89.95209249999999
2014-11-12,109.38,111.43,109.37,111.25,46942431,AAPL,0.014129443938012631,11,2014,102.4544,90.1506645
2014-11-13,111.8,113.45,111.6,112.82,59522855,AAPL,0.01411235955056167,11,2014,102.7484,90.3577775
2014-11-14,113.15,114.19,113.05,114.18,44063595,AAPL,0.012054600248183167,11,2014,103.0526,90.5711065
2014-11-17,114.27,117.28,113.3,113.99,46746712,AAPL,-0.0016640392362936574,11,2014,103.3652,90.782821
2014-11-18,113.94,115.69,113.89,115.47,44223978,AAPL,0.012983595052197705,11,2014,103.71480000000001,90.99674999999999
2014-11-19,115.44,115.74,113.8,114.67,41869160,AAPL,-0.006928206460552477,11,2014,103.98820000000002,91.2039645
2014-11-20,114.91,116.86,114.85,116.31,43395537,AAPL,0.014301909828202675,11,2014,104.2858,91.41943649999999
2014-11-21,117.51,117.57,116.03,116.47,57179298,AAPL,0.0013756340813342316,11,2014,104.58200000000001,91.63058699999999
2014-11-24,116.85,118.77,116.62,118.625,47450824,AAPL,0.01850261870009451,11,2014,104.92190000000001,91.84586250000001
2014-11-25,119.07,119.75,117.45,117.6,68840440,AAPL,-0.008640674394099102,11,2014,105.2567,92.05103449999999
2014-11-26,117.94,119.1,117.83,119.0,40831886,AAPL,0.011904761904761862,11,2014,105.60510000000001,92.26323499999998
2014-11-28,119.27,119.4,118.05,118.93,24814402,AAPL,-0.0005882352941175562,11,2014,105.94789999999999,92.469007
2014-12-01,118.81,119.25,111.27,115.07,83814037,AAPL,-0.03245606659379474,12,2014,106.23010000000001,92.65579299999999
2014-12-02,113.5,115.75,112.75,114.63,59348940,AAPL,-0.003823759450769071,12,2014,106.5015,92.8389505
2014-12-03,115.75,116.35,115.11,115.93,43063440,AAPL,0.011340835732356336,12,2014,106.76729999999999,93.03476500000001
2014-12-04,115.77,117.2,115.29,115.49,42155776,AAPL,-0.0037953937721039166,12,2014,107.04209999999999,93.2328225
2014-12-05,115.99,116.08,114.64,115.0,38318895,AAPL,-0.0042427915836869,12,2014,107.3847,93.43264450000001
2014-12-08,114.1,114.648,111.62,112.4,57664850,AAPL,-0.022608695652173827,12,2014,107.6177,93.6178235
2014-12-09,110.19,114.3,109.35,114.12,60208036,AAPL,0.01530249110320292,12,2014,107.8979,93.81552400000001
2014-12-10,114.41,114.85,111.54,111.95,44565318,AAPL,-0.019015071854188603,12,2014,108.12190000000001,94.00573849999999
2014-12-11,112.26,113.8,111.34,111.62,41471578,AAPL,-0.0029477445288075277,12,2014,108.3707,94.18693150000001
2014-12-12,110.46,111.87,109.58,109.73,56028138,AAPL,-0.01693244938183125,12,2014,108.56730000000002,94.359696
2014-12-15,110.7,111.6,106.35,108.225,67218082,AAPL,-0.013715483459400435,12,2014,108.7394,94.52385
2014-12-16,106.37,110.16,106.26,106.745,60790733,AAPL,-0.013675213675213627,12,2014,108.8819,94.678118
2014-12-17,107.12,109.84,106.82,109.41,53411773,AAPL,0.02496604056396068,12,2014,109.09509999999999,94.844911
2014-12-18,111.87,112.65,110.66,112.65,59006218,AAPL,0.029613380860981753,12,2014,109.33210000000001,95.029054
2014-12-19,112.26,113.24,111.66,111.78,88429770,AAPL,-0.007723035952063917,12,2014,109.54729999999999,95.2090685
2014-12-22,112.16,113.49,111.97,112.94,45167549,AAPL,0.010377527285739818,12,2014,109.79150000000001,95.3945405
2014-12-23,113.23,113.33,112.46,112.54,26028419,AAPL,-0.0035417035594119683,12,2014,110.04610000000001,95.5743195
2014-12-24,112.58,112.71,112.01,112.01,14479611,AAPL,-0.004709436644748544,12,2014,110.31129999999999,95.75107700000001
2014-12-26,112.1,114.52,112.01,113.99,33720951,AAPL,0.01767699312561377,12,2014,110.64030000000001,95.9419915
2014-12-29,113.79,114.77,113.7,113.91,27598920,AAPL,-0.0007018159487673925,12,2014,110.9933,96.13676350000001
2014-12-30,113.64,113.92,112.11,112.52,29881477,AAPL,-0.012202616100430164,12,2014,111.29029999999999,96.32312099999999
2014-12-31,112.82,113.13,110.21,110.38,41403351,AAPL,-0.019018841094916472,12,2014,111.5027,96.49545
2015-01-02,111.39,111.44,107.35,109.33,53204626,AAPL,-0.00951259286102557,1,2015,111.6399,96.662629
2015-01-05,108.29,108.65,105.41,106.25,64285491,AAPL,-0.028171590597274254,1,2015,111.7051,96.81623650000002
2015-01-06,106.54,107.43,104.63,106.26,65797116,AAPL,9.41176470588001e-05,1,2015,111.73370000000001,96.9669155
2015-01-07,107.2,108.2,106.695,107.75,40105934,AAPL,0.014022209674383612,1,2015,111.7843,97.12053
2015-01-08,109.23,112.15,108.7,111.89,59364547,AAPL,0.03842227378190266,1,2015,111.91990000000001,97.290702
2015-01-09,112.67,113.25,110.21,112.01,53699527,AAPL,0.0010724819018679277,1,2015,112.02529999999999,97.46519500000001
2015-01-12,112.6,112.63,108.8,109.25,49650790,AAPL,-0.024640657084188944,1,2015,112.06349999999999,97.6275455
2015-01-13,111.43,112.8,108.91,110.22,67091928,AAPL,0.008878718535469066,1,2015,112.1283,97.79517449999999
2015-01-14,109.04,110.49,108.5,109.8,48956588,AAPL,-0.003810560696788312,1,2015,112.1643,97.960789
2015-01-15,110.0,110.06,106.66,106.82,60013996,AAPL,-0.02714025500910755,1,2015,112.1127,98.10799650000001
2015-01-16,107.03,107.58,105.2,105.99,78513345,AAPL,-0.007770080509267863,1,2015,112.06049999999999,98.250411
2015-01-20,107.84,108.9667,106.5,108.72,49899907,AAPL,0.025757146900651007,1,2015,112.05770000000001,98.40916150000001
2015-01-21,108.95,111.06,108.27,109.55,48575897,AAPL,0.007634289919058013,1,2015,112.07469999999999,98.57704050000001
2015-01-22,110.26,112.47,109.72,112.4,53796409,AAPL,0.026015518028297713,1,2015,112.1425,98.7651335
2015-01-23,112.3,113.75,111.53,112.98,46464828,AAPL,0.005160142348754393,1,2015,112.22550000000001,98.95614800000001
2015-01-26,113.74,114.3626,112.8,113.1,55614979,AAPL,0.0010621348911310502,1,2015,112.29349999999998,99.1428485
2015-01-27,112.42,112.48,109.03,109.14,95568749,AAPL,-0.035013262599469464,1,2015,112.25129999999999,99.3146345
2015-01-28,117.625,118.12,115.31,115.31,146477063,AAPL,0.056532893531244355,1,2015,112.3011,99.52003500000001
2015-01-29,116.32,119.19,115.56,118.9,84436432,AAPL,0.031133466308212565,1,2015,112.3955,99.74190700000001
2015-01-30,118.4,120.0,116.85,117.16,83745461,AAPL,-0.014634146341463539,1,2015,112.4589,99.95773600000001
2015-02-02,118.05,119.17,116.08,118.63,62739100,AAPL,0.012546944349607347,2,2015,112.5221,100.180165
2015-02-03,118.5,119.09,117.61,118.65,51915749,AAPL,0.00016859141869685068,2,2015,112.60169999999998,100.39845799999999
2015-02-04,118.5,120.51,118.309,119.56,70149743,AAPL,0.007669616519174083,2,2015,112.6667,100.61685100000001
2015-02-05,120.02,120.23,119.25,119.94,42246245,AAPL,0.003178320508531174,2,2015,112.7361,100.8367665
2015-02-06,120.02,120.25,118.45,118.93,43706567,AAPL,-0.008420877105219216,2,2015,112.7422,101.0565955
2015-02-09,118.55,119.84,118.43,119.72,38889797,AAPL,0.006642562852097855,2,2015,112.78460000000001,101.24964600000001
2015-02-10,120.17,122.15,120.16,122.02,62008506,AAPL,0.01921149348479778,2,2015,112.845,101.45121799999998
2015-02-11,122.77,124.92,122.5,124.88,73561797,AAPL,0.023438780527782255,2,2015,112.964,101.65126849999999
2015-02-12,126.06,127.48,125.57,126.46,74474466,AAPL,0.012652146060217806,2,2015,113.1918,101.860476
2015-02-13,127.28,127.28,125.65,127.08,54272219,AAPL,0.004902736043017608,2,2015,113.4408,102.07438350000001
2015-02-17,127.49,128.88,126.92,127.83,63152405,AAPL,0.005901794145420247,2,2015,113.6788,102.29104799999999
2015-02-18,127.625,128.78,127.45,128.715,44891737,AAPL,0.006923257451302511,2,2015,113.9433,102.51135199999999
2015-02-19,128.48,129.03,128.33,128.45,37362381,AAPL,-0.0020588121042615093,2,2015,114.2123,102.7243455
2015-02-20,128.62,129.5,128.05,129.495,48948419,AAPL,0.008135461268976352,2,2015,114.5542,102.94724250000002
2015-02-23,130.02,133.0,129.66,133.0,70974110,AAPL,0.027066682111278384,2,2015,114.93180000000001,103.18915000000001
2015-02-24,132.94,133.6,131.17,132.17,69228130,AAPL,-0.006240601503759491,2,2015,115.33619999999999,103.43000749999999
2015-02-25,131.56,131.6,128.15,128.79,74711746,AAPL,-0.025573125520163442,2,2015,115.6796,103.6557135
2015-02-26,128.785,130.87,126.61,130.415,91287529,AAPL,0.012617439242177175,2,2015,116.0933,103.884339
2015-02-27,130.0,130.57,128.24,128.46,62014847,AAPL,-0.014990606908714343,2,2015,116.49799999999999,104.102525
2015-03-02,129.25,130.28,128.3,129.09,48096663,AAPL,0.004904250350303618,3,2015,116.9449,104.3237825
2015-03-03,128.96,129.52,128.09,129.36,37816283,AAPL,0.002091564025098913,3,2015,117.34390000000002,104.549997
2015-03-04,129.1,129.56,128.32,128.54,31666340,AAPL,-0.006338899196042247,3,2015,117.6617,104.76590449999999
2015-03-05,128.58,128.75,125.76,126.41,56517146,AAPL,-0.016570717286447767,3,2015,117.9543,104.96610499999998
2015-03-06,128.4,129.37,126.26,126.6,72842060,AAPL,0.0015030456451230467,3,2015,118.2275,105.1671695
2015-03-09,127.96,129.57,125.06,127.14,88528487,AAPL,0.004265402843601995,3,2015,118.5195,105.3697915
2015-03-10,126.41,127.22,123.8,124.51,68856582,AAPL,-0.020685858109171007,3,2015,118.76950000000001,105.5585775
2015-03-11,124.75,124.77,122.11,122.24,68938974,AAPL,-0.01823146735201997,3,2015,118.93449999999999,105.7311135
2015-03-12,122.31,124.9,121.63,124.45,48362719,AAPL,0.018079188481675557,3,2015,119.14529999999999,105.9064855
2015-03-13,124.4,125.3951,122.58,123.59,51827283,AAPL,-0.006910405785455986,3,2015,119.3667,106.0787145
2015-03-16,123.88,124.95,122.87,124.95,35874300,AAPL,0.011004126547455195,3,2015,119.65809999999999,106.249622
2015-03-17,125.9,127.32,125.65,127.04,51023104,AAPL,0.01672669067627064,3,2015,120.0123,106.43267949999999
2015-03-18,127.0,129.16,126.37,128.47,65270945,AAPL,0.01125629722921917,3,2015,120.4567,106.625994
2015-03-19,128.75,129.2451,127.4,127.495,45809490,AAPL,-0.007589320463921467,3,2015,120.8814,106.8080835
2015-03-20,128.25,128.4,125.16,125.9,68695136,AAPL,-0.01251029452135377,3,2015,121.2444,106.97699800000001
2015-03-23,127.12,127.85,126.52,127.21,37709674,AAPL,0.010405083399523285,3,2015,121.5508,107.1506555
2015-03-24,127.23,128.04,126.56,126.69,32842304,AAPL,-0.00408772895212639,3,2015,121.84440000000001,107.32298449999999
2015-03-25,126.54,126.82,123.38,123.38,51655177,AAPL,-0.02612676612203013,3,2015,122.12700000000001,107.4713845
2015-03-26,122.76,124.88,122.6,124.24,47572869,AAPL,0.006970335548711404,3,2015,122.4074,107.62133450000002
2015-03-27,124.57,124.7,122.91,123.25,39546151,AAPL,-0.007968448164842212,3,2015,122.6764,107.76828450000001
2015-03-30,124.05,126.4,124.0,126.37,47099670,AAPL,0.02531440162271803,3,2015,123.06739999999999,107.9386845
2015-03-31,126.09,126.49,124.355,124.43,42090553,AAPL,-0.015351744876157314,3,2015,123.43620000000001,108.10443450000001
2015-04-01,124.82,125.12,123.1,124.25,40621437,AAPL,-0.001446596479948603,4,2015,123.74680000000001,108.2646845
2015-04-02,125.03,125.56,124.19,125.32,32220131,AAPL,0.008611670020120643,4,2015,124.06219999999999,108.43088449999999
2015-04-06,124.47,127.51,124.33,127.35,37193975,AAPL,0.016198531758697676,4,2015,124.36120000000001,108.6067345
2015-04-07,127.64,128.1218,125.98,126.01,35012268,AAPL,-0.01052218296034546,4,2015,124.62180000000001,108.77748450000001
2015-04-08,125.85,126.4,124.97,125.6,37329243,AAPL,-0.0032537100230141114,4,2015,124.87180000000001,108.9509345
2015-04-09,125.85,126.58,124.66,126.56,32483974,AAPL,0.007643312101910826,4,2015,125.2202,109.1295845
2015-04-10,125.95,127.21,125.26,127.1,40187953,AAPL,0.004266750948166864,4,2015,125.45599999999999,109.3136845
2015-04-13,128.37,128.57,126.61,126.85,36365123,AAPL,-0.0019669551534224894,4,2015,125.615,109.49613450000001
2015-04-14,127.0,127.29,125.91,126.3,25524593,AAPL,-0.004335829720141904,4,2015,125.79780000000001,109.6731345
2015-04-15,126.41,127.13,126.01,126.78,28970419,AAPL,0.0038004750593825243,4,2015,125.9608,109.8471345
2015-04-16,126.28,127.1,126.11,126.17,28368987,AAPL,-0.0048114844612714425,4,2015,126.11120000000001,110.0133345
2015-04-17,125.55,126.14,124.46,124.75,51957046,AAPL,-0.011254656415946807,4,2015,126.215,110.1694845
2015-04-20,125.57,128.12,125.17,127.6,47054310,AAPL,0.022845691382765487,4,2015,126.36820000000002,110.34008449999999
2015-04-21,128.1,128.2,126.67,126.91,32435057,AAPL,-0.0054075235109717346,4,2015,126.52780000000001,110.5044845
2015-04-22,126.99,128.87,126.32,128.62,37654505,AAPL,0.013474115514931828,4,2015,126.7058,110.66774449999998
2015-04-23,128.3,130.42,128.14,129.67,45770902,AAPL,0.00816358264655559,4,2015,126.85880000000002,110.83934450000001
2015-04-24,130.49,130.63,129.23,130.28,44525905,AAPL,0.004704249248091319,4,2015,126.9668,111.0137945
2015-04-27,132.31,133.13,131.15,132.65,96954207,AAPL,0.018191587350322447,4,2015,127.0906,111.20186950000002
2015-04-28,134.455,134.54,129.57,130.56,118923970,AAPL,-0.01575574820957404,4,2015,127.1602,111.3785695
2015-04-29,130.16,131.59,128.3,128.64,63386083,AAPL,-0.014705882352941346,4,2015,127.17640000000002,111.53951950000001
2015-04-30,127.5,127.88,124.58,125.15,83195423,AAPL,-0.02712997512437798,4,2015,127.10510000000001,111.6886695
2015-05-01,126.1,130.13,125.3,128.95,58512638,AAPL,0.03036356372353155,5,2015,127.1151,111.8595195
2015-05-04,129.5,130.57,128.26,128.7,50988278,AAPL,-0.0019387359441643826,5,2015,127.09919999999998,112.03757
2015-05-05,128.15,128.4498,125.78,125.8,49271416,AAPL,-0.022533022533022473,5,2015,126.95519999999999,112.19442000000001
2015-05-06,126.56,126.75,123.36,125.01,72141010,AAPL,-0.006279809220985588,5,2015,126.81200000000001,112.349775
2015-05-07,124.77,126.08,124.02,125.26,43940895,AAPL,0.001999840012798959,5,2015,126.7414,112.50247499999999
2015-05-08,126.68,127.62,126.11,127.62,55550382,AAPL,0.01884081111288527,5,2015,126.68549999999999,112.654625
2015-05-11,127.39,127.56,125.625,126.32,42035757,AAPL,-0.010186491145588561,5,2015,126.6427,112.801075
2015-05-12,125.6,126.88,124.82,125.865,48160032,AAPL,-0.003601963267891084,5,2015,126.5782,112.942045
2015-05-13,126.15,127.19,125.87,126.01,34694235,AAPL,0.001152027966472069,5,2015,126.51119999999999,113.07699499999998
2015-05-14,127.41,128.95,127.16,128.95,45203456,AAPL,0.023331481628442008,5,2015,126.51939999999999,113.22984500000001
2015-05-15,129.07,129.49,128.21,128.77,38208034,AAPL,-0.0013958898797982178,5,2015,126.5666,113.382945
2015-05-18,128.38,130.72,128.36,130.19,50882918,AAPL,0.011027413217364224,5,2015,126.63839999999999,113.555895
2015-05-19,130.69,130.88,129.64,130.07,44633240,AAPL,-0.00092172977955296,5,2015,126.697,113.725595
2015-05-20,130.0,130.98,129.34,130.06,36454932,AAPL,-7.688167909580823e-05,5,2015,126.80799999999999,113.89794499999999
2015-05-21,130.07,131.63,129.83,131.39,39730364,AAPL,0.010226049515608127,5,2015,126.991,114.079295
2015-05-22,131.6,132.97,131.4,132.54,45595972,AAPL,0.008752568688636941,5,2015,127.15280000000001,114.26719500000002
2015-05-26,132.6,132.91,129.12,129.62,70697560,AAPL,-0.022031084955485003,5,2015,127.2734,114.442895
2015-05-27,130.34,132.26,130.05,132.045,45833246,AAPL,0.018708532633852748,5,2015,127.4153,114.62942000000001
2015-05-28,131.86,131.95,131.1,131.78,30733309,AAPL,-0.0020068915899881246,5,2015,127.51010000000001,114.80837
2015-05-29,131.23,131.45,129.9,130.28,50884452,AAPL,-0.011382607375929554,5,2015,127.54629999999999,114.97992
2015-06-01,131.2,131.39,130.05,130.535,32112797,AAPL,0.0019573226895917006,6,2015,127.6071,115.146395
2015-06-02,129.86,130.655,129.32,129.96,33667627,AAPL,-0.004404948864289215,6,2015,127.6883,115.308695
2015-06-03,130.66,130.94,129.9,130.12,30983542,AAPL,0.001231148045552466,6,2015,127.7465,115.469395
2015-06-04,129.58,130.58,128.91,129.36,38450118,AAPL,-0.005840762373193864,6,2015,127.7999,115.620395
2015-06-05,129.5,129.69,128.36,128.65,35626800,AAPL,-0.0054885590599876855,6,2015,127.90529999999998,115.76099500000001
2015-06-08,128.9,129.21,126.83,127.8,52674786,AAPL,-0.006607073455110801,6,2015,127.9765,115.897145
2015-06-09,126.7,128.08,125.62,127.42,56075420,AAPL,-0.0029733959311423197,6,2015,128.0599,116.031345
2015-06-10,127.92,129.34,127.85,128.88,39087250,AAPL,0.011458169832051501,6,2015,128.1101,116.16914500000001
2015-06-11,129.18,130.18,128.475,128.59,35390887,AAPL,-0.0022501551831159983,6,2015,128.1933,116.304395
2015-06-12,128.185,128.33,127.11,127.17,36886246,AAPL,-0.0110428493662027,6,2015,128.2517,116.4358
2015-06-15,126.1,127.24,125.71,126.92,43988946,AAPL,-0.0019658724541952166,6,2015,128.2837,116.55975000000001
2015-06-16,127.03,127.85,126.37,127.6,31494131,AAPL,0.005357705641348742,6,2015,128.28869999999998,116.6865
2015-06-17,127.72,127.88,126.74,127.3,32918071,AAPL,-0.0023510971786833146,6,2015,128.31449999999998,116.81049999999999
2015-06-18,127.23,128.31,127.22,127.88,35407220,AAPL,0.004556166535742312,6,2015,128.3601,116.9334
2015-06-19,127.71,127.82,126.4,126.6,54716887,AAPL,-0.010009383797309979,6,2015,128.36090000000002,117.0717
2015-06-22,127.49,128.06,127.08,127.61,34039345,AAPL,0.0079778830963666,6,2015,128.3711,117.21914999999998
2015-06-23,127.48,127.61,126.8792,127.03,30268863,AAPL,-0.004545098346524501,6,2015,128.3747,117.35945
2015-06-24,127.21,129.8,127.12,128.11,55280855,AAPL,0.008501928678265047,6,2015,128.4109,117.5082
2015-06-25,128.86,129.2,127.5,127.5,31938100,AAPL,-0.0047615330575287995,6,2015,128.4253,117.65574999999998
2015-06-26,127.67,127.99,126.51,126.75,44066841,AAPL,-0.00588235294117645,6,2015,128.4369,117.7845
2015-06-29,125.46,126.47,124.48,124.53,49161427,AAPL,-0.01751479289940827,6,2015,128.4325,117.9
2015-06-30,125.57,126.12,124.86,125.425,44370682,AAPL,0.00718702320725928,6,2015,128.389,118.01882499999999
2015-07-01,126.9,126.94,125.99,126.6,30238811,AAPL,0.009368148295794354,7,2015,128.38279999999997,118.143675
2015-07-02,126.43,126.69,125.77,126.44,27210952,AAPL,-0.0012638230647709081,7,2015,128.3392,118.27157500000001
2015-07-06,124.94,126.23,124.85,126.0,28060431,AAPL,-0.0034799114204365766,7,2015,128.2658,118.393675
2015-07-07,125.89,126.15,123.77,125.69,46946811,AAPL,-0.002460317460317496,7,2015,128.174,118.51317499999999
2015-07-08,124.48,124.64,122.54,122.57,60761614,AAPL,-0.024822977166043425,7,2015,127.97240000000002,118.621225
2015-07-09,123.85,124.06,119.22,120.07,78595038,AAPL,-0.02039650811781024,7,2015,127.7626,118.71627500000001
2015-07-10,121.94,123.85,121.21,123.28,61354474,AAPL,0.0267344049304572,7,2015,127.65539999999999,118.81947499999998
2015-07-13,125.03,125.755,124.32,125.66,41440538,AAPL,0.019305645684620343,7,2015,127.6656,118.93902499999999
2015-07-14,126.04,126.37,125.04,125.61,31768139,AAPL,-0.0003978990927900883,7,2015,127.59880000000001,119.07772499999999
2015-07-15,125.72,127.15,125.58,126.82,33649200,AAPL,0.009632991003900804,7,2015,127.56120000000001,119.208075
2015-07-16,127.74,128.57,127.35,128.51,36222447,AAPL,0.013325973821163739,7,2015,127.61540000000001,119.350075
2015-07-17,129.08,129.62,128.31,129.62,46164710,AAPL,0.008637460119835128,7,2015,127.7076,119.49442499999999
2015-07-20,130.97,132.97,130.7,132.07,58900203,AAPL,0.018901404104304742,7,2015,127.84379999999999,119.658875
2015-07-21,132.85,132.92,130.32,130.75,76756427,AAPL,-0.009994699780419447,7,2015,127.90639999999999,119.813125
2015-07-22,121.99,125.5,121.99,125.22,115450607,AAPL,-0.042294455066921643,7,2015,127.8844,119.94112500000001
2015-07-23,126.2,127.09,125.06,125.16,50999452,AAPL,-0.00047915668423581526,7,2015,127.8703,120.068825
2015-07-24,125.32,125.74,123.9,124.5,42162332,AAPL,-0.005273250239693161,7,2015,127.8401,120.197575
2015-07-27,123.09,123.61,122.12,122.77,44455540,AAPL,-0.013895582329317313,7,2015,127.71650000000001,120.30742500000001
2015-07-28,123.38,123.91,122.55,123.38,33618097,AAPL,0.004968640547365011,7,2015,127.60869999999998,120.41922499999998
2015-07-29,123.15,123.5,122.27,122.99,37011653,AAPL,-0.0031609661209272,7,2015,127.46470000000001,120.530525
2015-07-30,122.32,122.5699,121.71,122.37,33628268,AAPL,-0.005041060248800688,7,2015,127.3107,120.64332499999999
2015-07-31,122.6,122.6425,120.91,121.3,42884953,AAPL,-0.008743973196044807,7,2015,127.13550000000001,120.756075
2015-08-03,121.5,122.57,117.52,118.44,69975968,AAPL,-0.023577906018136807,8,2015,126.8765,120.86057500000001
2015-08-04,117.42,117.7,113.25,114.64,124138623,AAPL,-0.03208375548801079,8,2015,126.5185,120.95247499999999
2015-08-05,112.95,117.44,112.1,115.4,99312613,AAPL,0.0066294487090021725,8,2015,126.2341,121.04112500000001
2015-08-06,115.97,116.5,114.115,115.13,52903040,AAPL,-0.0023396880415945676,8,2015,125.8958,121.11797499999999
2015-08-07,114.58,116.25,114.5,115.52,38670405,AAPL,0.0033874750282290034,8,2015,125.5706,121.18322500000001
2015-08-10,116.53,119.99,116.53,119.72,54951597,AAPL,0.036357340720221565,8,2015,125.35940000000001,121.266875
2015-08-11,117.81,118.18,113.33,113.49,97082814,AAPL,-0.05203808887403949,8,2015,125.01849999999999,121.310175
2015-08-12,112.53,115.42,109.63,115.24,101685610,AAPL,0.015419860780685468,8,2015,124.72409999999999,121.360275
2015-08-13,116.04,116.4,114.54,115.15,48535789,AAPL,-0.0007809788267961748,8,2015,124.42469999999999,121.410475
2015-08-14,114.32,116.31,114.01,115.96,42929516,AAPL,0.007034303082935178,8,2015,124.1567,121.45657499999999
2015-08-17,116.04,117.65,115.5,117.16,40884745,AAPL,0.010348395998620141,8,2015,123.92689999999999,121.505675
2015-08-18,116.43,117.44,116.01,116.5,34560708,AAPL,-0.0056333219528849066,8,2015,123.7009,121.553275
2015-08-19,116.1,116.52,114.68,115.01,48286510,AAPL,-0.012789699570815438,8,2015,123.45270000000001,121.58832499999998
2015-08-20,114.08,114.35,111.63,112.65,68501622,AAPL,-0.02051995478654034,8,2015,123.12809999999999,121.60457500000001
2015-08-21,110.43,111.9,105.645,105.76,128275471,AAPL,-0.06116289391921881,8,2015,122.6715,121.59037499999998
2015-08-24,94.87,108.8,92.0,103.12,162206292,AAPL,-0.024962178517397904,8,2015,122.19049999999999,121.56167500000001
2015-08-25,111.11,111.11,103.5,103.74,103601599,AAPL,0.006012412723040983,8,2015,121.72689999999999,121.536875
2015-08-26,107.085,109.89,105.05,109.69,96774611,AAPL,0.05735492577597845,8,2015,121.3687,121.54027500000001
2015-08-27,112.25,113.24,110.02,112.92,84616056,AAPL,0.029446622299206915,8,2015,121.0811,121.560725
2015-08-28,112.17,113.31,111.54,113.29,53164407,AAPL,0.0032766560396741973,8,2015,120.7893,121.578675
2015-08-31,112.13,114.53,112.0,112.76,56229271,AAPL,-0.004678259334451429,8,2015,120.5125,121.586225
2015-09-01,110.18,111.88,107.36,107.72,76845860,AAPL,-0.04469670095778655,9,2015,120.1147,121.560725
2015-09-02,110.0,112.34,109.131,112.34,61888812,AAPL,0.04288897140735237,9,2015,119.8209,121.551525
2015-09-03,112.49,112.78,110.04,110.37,53233940,AAPL,-0.01753605127292146,9,2015,119.46609999999998,121.533425
2015-09-04,108.97,110.45,108.51,109.27,49996311,AAPL,-0.009966476397571866,9,2015,119.1015,121.502425
2015-09-08,111.65,112.56,110.32,112.31,54843626,AAPL,0.027820993868399535,9,2015,118.81269999999999,121.490625
2015-09-09,113.76,114.02,109.77,110.15,85010804,AAPL,-0.019232481524352196,9,2015,118.52510000000001,121.459825
2015-09-10,110.27,113.2825,109.9,112.57,62892831,AAPL,0.02197004085338161,9,2015,118.26799999999999,121.44032499999999
2015-09-11,111.79,114.21,111.76,114.21,49915473,AAPL,0.014568712800923977,9,2015,118.0202,121.41825
2015-09-14,116.58,116.89,114.86,115.31,58363431,AAPL,0.009631380789773214,9,2015,117.7976,121.4068
2015-09-15,115.93,116.53,114.42,116.28,43341155,AAPL,0.008412106495533811,9,2015,117.6032,121.39320000000002
2015-09-16,116.25,116.54,115.44,116.41,37173489,AAPL,0.0011179910560714656,9,2015,117.41760000000001,121.38060000000002
2015-09-17,115.66,116.49,113.715,113.92,64112641,AAPL,-0.021389914955759814,9,2015,117.24459999999999,121.37485000000001
2015-09-18,112.21,114.3,111.87,113.45,74285291,AAPL,-0.004125702247190999,9,2015,117.11219999999999,121.36895
2015-09-21,113.67,115.37,113.66,115.21,50221965,AAPL,0.01551344204495364,9,2015,116.9508,121.36534999999999
2015-09-22,113.38,114.18,112.5201,113.4,50346159,AAPL,-0.015710441801926822,9,2015,116.70560000000002,121.3549
2015-09-23,113.63,114.72,113.3,114.32,35756716,AAPL,0.008112874779541368,9,2015,116.4798,121.3515
2015-09-24,113.25,115.5,112.37,115.0,50219475,AAPL,0.005948215535339418,9,2015,116.24340000000001,121.3645
2015-09-25,116.44,116.69,114.02,114.71,56151926,AAPL,-0.0025217391304348524,9,2015,115.9674,121.36744999999999
2015-09-28,113.85,114.57,112.44,112.44,52109011,AAPL,-0.01978903321419223,9,2015,115.62379999999999,121.3699
2015-09-29,112.83,113.51,107.86,109.06,73365384,AAPL,-0.030060476698683725,9,2015,115.1636,121.35709999999999
2015-09-30,110.17,111.54,108.73,110.3,66473033,AAPL,0.011369888134971529,9,2015,114.75460000000001,121.35994999999998
2015-10-01,109.07,109.62,107.31,109.58,63929100,AAPL,-0.006527651858567518,10,2015,114.4418,121.366725
2015-10-02,108.01,111.0136,107.55,110.38,58019758,AAPL,0.007300602299689762,10,2015,114.14620000000001,121.38490000000002
2015-10-05,109.88,111.3698,109.07,110.78,52064743,AAPL,0.0036238448994383443,10,2015,113.87180000000001,121.39175000000002
2015-10-06,110.63,111.74,109.765,111.31,48856977,AAPL,0.004784257086116739,10,2015,113.64259999999999,121.38504999999999
2015-10-07,111.74,111.77,109.41,110.78,46765550,AAPL,-0.0047614769562482895,10,2015,113.3906,121.38005000000001
2015-10-08,110.19,110.19,108.21,109.5,61979577,AAPL,-0.011554432207979803,10,2015,113.1208,121.36285
2015-10-09,110.0,112.28,109.49,112.12,52766140,AAPL,0.02392694063926948,10,2015,112.9158,121.36075
2015-10-12,112.73,112.75,111.44,111.6,30467204,AAPL,-0.004637887977167465,10,2015,112.72179999999999,121.35869999999998
2015-10-13,110.82,112.45,110.68,111.79,33049256,AAPL,0.0017025089605735566,10,2015,112.58879999999999,121.34769999999999
2015-10-14,111.29,111.52,109.56,110.21,44462449,AAPL,-0.01413364343859036,10,2015,112.50019999999999,121.32919999999999
2015-10-15,110.93,112.1,110.49,111.86,37673452,AAPL,0.014971418201615183,10,2015,112.4294,121.3259
2015-10-16,111.78,112.0,110.53,111.04,39232609,AAPL,-0.007330591811192555,10,2015,112.3476,121.3292
2015-10-19,110.8,111.75,110.11,111.73,29759153,AAPL,0.006213976945244948,10,2015,112.2718,121.34119999999999
2015-10-20,111.34,114.17,110.82,113.77,48967763,AAPL,0.01825830126197081,10,2015,112.15280000000001,121.3788
2015-10-21,114.0,115.58,113.7,113.76,42326974,AAPL,-8.789663355890376e-05,10,2015,112.15820000000002,121.4163
2015-10-22,114.33,115.5,114.1,115.5,41654089,AAPL,0.015295358649789037,10,2015,112.1634,121.45505000000001
2015-10-23,116.7,119.228,116.33,119.08,59366914,AAPL,0.03099567099567091,10,2015,112.242,121.491
2015-10-26,118.08,118.13,114.92,115.28,66333781,AAPL,-0.03191132012092712,10,2015,112.22840000000001,121.50734999999999
2015-10-27,115.4,116.54,113.99,114.55,69884400,AAPL,-0.006332408049965377,10,2015,112.17620000000001,121.53385
2015-10-28,116.93,119.3,116.06,119.27,85551352,AAPL,0.0412047140986469,10,2015,112.2316,121.5791
2015-10-29,118.7,120.69,118.27,120.53,51227334,AAPL,0.0105642659512033,10,2015,112.34200000000001,121.63275
2015-10-30,120.99,121.22,119.45,119.5,49365254,AAPL,-0.008545590309466555,10,2015,112.47900000000001,121.69615
2015-11-02,119.87,121.36,119.61,121.18,32203267,AAPL,0.014058577405857697,11,2015,112.78739999999999,121.77210000000001
2015-11-03,120.79,123.49,120.7,122.57,45518976,AAPL,0.011470539693018589,11,2015,113.1764,121.84135
2015-11-04,123.13,123.82,121.62,122.0,44886050,AAPL,-0.004650403850860685,11,2015,113.5416,121.90360000000001
2015-11-05,121.85,122.69,120.18,120.92,39552680,AAPL,-0.008852459016393421,11,2015,113.76619999999998,121.94619999999999
2015-11-06,121.11,121.81,120.62,121.06,33042283,AAPL,0.001157790274561643,11,2015,113.929,121.9866
2015-11-09,120.96,121.81,120.05,120.57,33871405,AAPL,-0.004047579712539329,11,2015,114.07459999999999,122.02395
2015-11-10,116.9,118.07,116.061,116.77,59127931,AAPL,-0.03151696110143487,11,2015,114.1548,122.06210000000002
2015-11-11,116.37,117.42,115.21,116.11,45217971,AAPL,-0.005652136678941488,11,2015,114.32260000000001,122.0661
2015-11-12,116.26,116.82,115.65,115.72,32525579,AAPL,-0.0033588838170700575,11,2015,114.39020000000001,122.05019999999999
2015-11-13,115.2,115.57,112.27,112.34,45812403,AAPL,-0.029208434151399842,11,2015,114.42960000000001,122.02609999999999
2015-11-16,111.38,114.24,111.0,114.175,38106701,AAPL,0.01633434217553842,11,2015,114.52770000000001,122.00382500000002
2015-11-17,114.92,115.05,113.32,113.69,27616939,AAPL,-0.004247865119334393,11,2015,114.5553,121.97902500000001
2015-11-18,115.76,117.49,115.5,117.29,46674697,AAPL,0.031665054094467404,11,2015,114.6981,121.967675
2015-11-19,117.64,119.75,116.76,118.78,43295820,AAPL,0.01270355529030609,11,2015,114.8223,121.961875
2015-11-20,119.2,119.92,118.85,119.3,34287096,AAPL,0.004377841387438908,11,2015,114.9241,121.963725
2015-11-23,119.27,119.73,117.34,117.75,32482528,AAPL,-0.012992455993294239,11,2015,114.9729,121.95387499999998
2015-11-24,117.33,119.35,117.12,118.88,42803172,AAPL,0.00959660297239906,11,2015,115.0249,121.93817500000002
2015-11-25,119.21,119.23,117.92,118.03,21388308,AAPL,-0.007150067294750984,11,2015,115.0573,121.903925
2015-11-27,118.29,118.41,117.6,117.81,13046445,AAPL,-0.0018639328984156878,11,2015,115.13510000000001,121.86067500000001
2015-11-30,117.99,119.41,117.75,118.3,39180322,AAPL,0.004159239453357166,11,2015,115.2321,121.81677499999999
2015-12-01,118.75,118.81,116.86,117.34,34852374,AAPL,-0.008114961961115719,12,2015,115.2747,121.76432500000001
2015-12-02,117.05,118.11,116.08,116.28,33386563,AAPL,-0.009033577637634238,12,2015,115.33229999999999,121.70215
2015-12-03,116.55,116.79,114.22,115.2,41569509,AAPL,-0.009287925696594423,12,2015,115.34989999999999,121.6359
2015-12-04,115.29,119.25,115.11,119.03,57776977,AAPL,0.03324652777777781,12,2015,115.4305,121.58357499999998
2015-12-07,118.98,119.86,117.81,118.28,32084249,AAPL,-0.006300932538015669,12,2015,115.50189999999999,121.509975
2015-12-08,117.52,118.6,116.86,118.23,34309450,AAPL,-0.000422725735542806,12,2015,115.6177,121.440275
2015-12-09,117.64,117.69,115.08,115.62,46361357,AAPL,-0.022075615326059395,12,2015,115.74889999999999,121.37442499999999
2015-12-10,116.04,116.94,115.51,116.17,29212727,AAPL,0.004756962463241532,12,2015,115.8663,121.3032
2015-12-11,115.19,115.39,112.851,113.18,46886161,AAPL,-0.02573814237755012,12,2015,115.9383,121.2268
2015-12-14,112.18,112.68,109.79,112.48,65003609,AAPL,-0.006184838310655638,12,2015,115.98029999999999,121.14375
2015-12-15,111.94,112.8,110.35,110.49,53323105,AAPL,-0.01769203413940268,12,2015,115.97449999999999,121.04939999999999
2015-12-16,111.07,111.99,108.8,111.34,56238467,AAPL,0.00769300389175509,12,2015,115.9751,120.96340000000001
2015-12-17,112.02,112.25,108.98,108.98,44772827,AAPL,-0.02119633554876954,12,2015,115.9391,120.87625
2015-12-18,108.91,109.52,105.81,106.03,96453327,AAPL,-0.027069187006790285,12,2015,115.8697,120.7734
2015-12-21,107.28,107.37,105.57,107.33,47590610,AAPL,0.012260680939356838,12,2015,115.7739,120.67434999999999
2015-12-22,107.4,107.72,106.451,107.23,32789367,AAPL,-0.0009317059536010364,12,2015,115.68650000000001,120.58795
2015-12-23,107.27,108.85,107.2,108.61,32657354,AAPL,0.012869532780005466,12,2015,115.62290000000002,120.51979999999999
2015-12-24,109.0,109.0,107.95,108.03,13596680,AAPL,-0.005340208083970177,12,2015,115.5793,120.43769999999999
2015-12-28,107.59,107.69,106.1807,106.82,26704210,AAPL,-0.011200592428029288,12,2015,115.4785,120.35385000000001
2015-12-29,106.96,109.43,106.86,108.74,30931243,AAPL,0.017974162141920935,12,2015,115.4325,120.2728
2015-12-30,108.58,108.7,107.18,107.32,25213777,AAPL,-0.013058672061798782,12,2015,115.3443,120.1742
2015-12-31,107.01,107.03,104.82,105.26,40912316,AAPL,-0.01919493104733494,12,2015,115.1741,120.05815000000001
2016-01-04,102.61,105.368,102.0,105.35,67649387,AAPL,0.0008550256507693366,1,2016,115.00589999999998,119.94742500000001
2016-01-05,105.75,105.85,102.41,102.71,55790992,AAPL,-0.025059326056003806,1,2016,114.75009999999999,119.831475
2016-01-06,100.56,102.37,99.87,100.7,68457388,AAPL,-0.019569662155583645,1,2016,114.3825,119.698925
2016-01-07,98.68,100.13,96.43,96.45,81094428,AAPL,-0.04220456802383321,1,2016,114.0059,119.54772500000001
2016-01-08,98.55,99.11,96.76,96.96,70798016,AAPL,0.005287713841368502,1,2016,113.6541,119.415625
2016-01-11,98.97,99.06,97.34,98.53,49739377,AAPL,0.016192244224422447,1,2016,113.2393,119.28707499999999
2016-01-12,100.55,100.69,98.8399,99.96,49154227,AAPL,0.014513346188977927,1,2016,112.82789999999999,119.170625
2016-01-13,100.32,101.19,97.3,97.39,62439631,AAPL,-0.0257102841136454,1,2016,112.38570000000001,119.02572500000001
2016-01-14,97.96,100.48,95.74,99.52,63170127,AAPL,0.02187082862716916,1,2016,111.9525,118.90117500000001
2016-01-15,96.2,97.71,95.36,97.13,79833891,AAPL,-0.024015273311897123,1,2016,111.4437,118.76557499999998
2016-01-19,98.41,98.65,95.5,96.66,53087747,AAPL,-0.004838875733552905,1,2016,110.93689999999998,118.62227499999999
2016-01-20,95.1,98.1897,93.42,96.79,72334416,AAPL,0.001344920339333866,1,2016,110.4543,118.469475
2016-01-21,97.06,97.88,94.94,96.3,52161463,AAPL,-0.0050625064572787926,1,2016,109.95909999999999,118.32092499999999
2016-01-22,98.63,101.46,98.37,101.42,65800467,AAPL,0.05316718587746627,1,2016,109.57610000000001,118.20002500000001
2016-01-25,101.52,101.53,99.21,99.44,51794525,AAPL,-0.0195227765726681,1,2016,109.22949999999999,118.06442499999999
2016-01-26,99.93,100.88,98.07,99.99,75077002,AAPL,0.005530973451327359,1,2016,108.90710000000001,117.928875
2016-01-27,96.04,96.6289,93.34,93.42,133369674,AAPL,-0.06570657065706564,1,2016,108.4611,117.76172499999998
2016-01-28,93.79,94.52,92.39,94.09,55678825,AAPL,0.0071719117961892564,1,2016,108.09609999999999,117.600675
2016-01-29,94.79,97.34,94.35,97.34,64416504,AAPL,0.03454139653523214,1,2016,107.75939999999999,117.453475
2016-02-01,96.47,96.71,95.4,96.43,40943541,AAPL,-0.00934867474830492,2,2016,107.4142,117.30477499999999
2016-02-02,95.42,96.04,94.28,94.48,37357215,AAPL,-0.02022192263818312,2,2016,106.958,117.15342499999998
2016-02-03,95.0,96.84,94.08,96.35,45964294,AAPL,0.019792548687552758,2,2016,106.5094,116.99717500000001
2016-02-04,95.86,97.33,95.19,96.6,46471652,AAPL,0.002594706798131785,2,2016,106.0554,116.845625
2016-02-05,96.52,96.92,93.69,94.02,46418064,AAPL,-0.026708074534161463,2,2016,105.5808,116.67262500000001
2016-02-08,93.13,95.7,93.04,95.01,54021375,AAPL,0.010529674537332667,2,2016,105.10340000000001,116.49932499999998
2016-02-09,94.29,95.94,93.93,94.99,44331195,AAPL,-0.0002105041574572697,2,2016,104.6426,116.32287500000001
2016-02-10,95.92,96.35,94.1,94.27,42343601,AAPL,-0.00757974523634064,2,2016,104.1718,116.13097499999999
2016-02-11,93.79,94.72,92.59,93.7,50074711,AAPL,-0.006046462289169385,2,2016,103.6798,115.94667500000001
2016-02-12,94.19,94.5,93.01,93.99,40351381,AAPL,0.003094983991462019,2,2016,103.2128,115.77342499999999
2016-02-16,95.02,96.85,94.61,96.64,49057916,AAPL,0.02819448877540176,2,2016,102.82,115.630875
2016-02-17,96.67,98.21,96.15,98.12,44863243,AAPL,0.01531456953642385,2,2016,102.47840000000001,115.476725
2016-02-18,98.84,98.89,96.091,96.26,39020983,AAPL,-0.018956379942926982,2,2016,102.02300000000001,115.31452499999999
2016-02-19,96.0,96.7599,95.8,96.04,35374173,AAPL,-0.002285476833575717,2,2016,101.57820000000001,115.16572500000001
2016-02-22,96.31,96.9,95.92,96.88,34280758,AAPL,0.008746355685131046,2,2016,101.1512,115.02507500000002
2016-02-23,96.4,96.5,94.55,94.69,31942633,AAPL,-0.02260528488852187,2,2016,100.7326,114.872225
2016-02-24,93.98,96.38,93.32,96.1,36255745,AAPL,0.014890695955222188,2,2016,100.33120000000001,114.714625
2016-02-25,96.05,96.76,95.25,96.76,27582659,AAPL,0.006867845993756561,2,2016,100.0028,114.56682500000001
2016-02-26,97.2,98.0237,96.58,96.91,28991131,AAPL,0.0015502273666803124,2,2016,99.69139999999999,114.42205
2016-02-29,96.86,98.23,96.65,96.69,35216277,AAPL,-0.002270147559591318,2,2016,99.4154,114.27545
2016-03-01,97.65,100.77,97.42,100.53,50407147,AAPL,0.0397145516599442,3,2016,99.1992,114.13335
2016-03-02,100.51,100.89,99.64,100.75,33169560,AAPL,0.0021884014721973433,3,2016,99.0346,113.99324999999999
2016-03-03,100.58,101.7099,100.45,101.5,36955742,AAPL,0.007444168734491274,3,2016,98.944,113.8498
2016-03-04,102.37,103.75,101.37,103.01,46055100,AAPL,0.014876847290640427,3,2016,98.8576,113.7145
2016-03-07,102.39,102.83,100.96,101.87,35915810,AAPL,-0.011066886710028201,3,2016,98.75039999999998,113.57355
2016-03-08,100.78,101.76,100.4,101.03,31561889,AAPL,-0.008245803475017244,3,2016,98.5988,113.42174999999999
2016-03-09,101.31,101.58,100.27,101.12,27201683,AAPL,0.0008908245075720522,3,2016,98.46060000000001,113.26465
2016-03-10,101.41,102.24,100.15,101.17,33513577,AAPL,0.0004944620253164445,3,2016,98.34759999999999,113.1224
2016-03-11,102.24,102.28,101.5,102.26,27408237,AAPL,0.010773944845309913,3,2016,98.21799999999999,112.973475
2016-03-14,101.91,102.91,101.78,102.52,25076062,AAPL,0.002542538627029023,3,2016,98.12200000000001,112.82717500000001
2016-03-15,103.96,105.18,103.85,104.58,40067734,AAPL,0.020093640265314017,3,2016,98.1084,112.69867500000001
2016-03-16,104.61,106.31,104.59,105.97,38303493,AAPL,0.013291260279212125,3,2016,98.12080000000002,112.57585
2016-03-17,105.52,106.47,104.96,105.8,34420705,AAPL,-0.0016042276115881826,3,2016,98.18260000000001,112.45504999999999
2016-03-18,106.34,106.5,105.19,105.92,44205171,AAPL,0.0011342155009452792,3,2016,98.28699999999999,112.33404999999999
2016-03-21,105.93,107.65,105.1401,105.91,35502678,AAPL,-9.44108761329332e-05,3,2016,98.47619999999999,112.21679999999998
2016-03-22,105.25,107.29,105.21,106.72,32444375,AAPL,0.007648003021433425,3,2016,98.67139999999999,112.10715
2016-03-23,106.48,107.07,105.9,106.13,25703495,AAPL,-0.005528485757121504,3,2016,98.8234,111.99880000000002
2016-03-24,105.47,106.25,104.89,105.67,26132955,AAPL,-0.0043343069820031,3,2016,98.9376,111.89004999999999
2016-03-28,106.0,106.19,105.06,105.19,19411372,AAPL,-0.004542443456042489,3,2016,99.09359999999998,111.77159999999999
2016-03-29,104.89,107.79,104.88,107.68,31190083,AAPL,0.023671451658902942,3,2016,99.2568,111.66705
2016-03-30,108.65,110.42,108.6,109.56,45601149,AAPL,0.017459138187221335,3,2016,99.50540000000001,111.579
2016-03-31,109.72,109.9,108.88,108.99,25888449,AAPL,-0.005202628696604705,3,2016,99.75200000000001,111.48935
2016-04-01,108.78,110.0,108.2,109.99,25873950,AAPL,0.009175153683824266,4,2016,100.016,111.40129999999999
2016-04-04,110.42,112.19,110.27,111.12,37356204,AAPL,0.010273661241931187,4,2016,100.3124,111.3204
2016-04-05,109.51,110.73,109.42,109.81,26578652,AAPL,-0.011789056875449955,4,2016,100.48020000000001,111.23004999999999
2016-04-06,110.23,110.98,109.2,110.96,26404077,AAPL,0.010472634550587223,4,2016,100.71060000000001,111.15185000000001
2016-04-07,109.95,110.42,108.121,108.54,31801870,AAPL,-0.021809661139149172,4,2016,100.88159999999999,111.0565
2016-04-08,108.91,109.77,108.17,108.66,23581740,AAPL,0.001105583195135429,4,2016,101.18639999999999,110.96465
2016-04-11,108.97,110.61,108.83,109.02,29407518,AAPL,0.00331308669243513,4,2016,101.485,110.8692
2016-04-12,109.34,110.5,108.66,110.44,27232325,AAPL,0.013025133003118805,4,2016,101.74700000000001,110.78390000000002
2016-04-13,110.8,112.34,110.8,112.04,33257316,AAPL,0.014487504527345152,4,2016,102.0592,110.71035
2016-04-14,111.62,112.39,111.33,112.1,25473923,AAPL,0.000535523027490159,4,2016,102.41159999999999,110.6482
2016-04-15,112.11,112.3,109.73,109.85,46938969,AAPL,-0.020071364852810025,4,2016,102.6816,110.570325
2016-04-18,108.89,108.95,106.94,107.48,60821461,AAPL,-0.02157487482931264,4,2016,102.89920000000001,110.47472499999999
2016-04-19,107.88,108.0,106.23,106.91,32384879,AAPL,-0.005303312244138492,4,2016,103.15700000000001,110.37707499999999
2016-04-20,106.64,108.09,106.06,107.13,30611030,AAPL,0.002057805630904408,4,2016,103.3994,110.28272499999999
2016-04-21,106.93,106.93,105.52,105.97,31552525,AAPL,-0.010827966022589397,4,2016,103.619,110.18412500000001
2016-04-22,105.01,106.48,104.62,105.68,33683121,AAPL,-0.002736623572709207,4,2016,103.84719999999999,110.099675
2016-04-25,105.0,105.65,104.51,105.08,28031588,AAPL,-0.005677517032551149,4,2016,104.0748,110.024725
2016-04-26,103.91,105.3,103.91,104.35,56016165,AAPL,-0.006947087933003471,4,2016,104.28200000000001,109.93007500000002
2016-04-27,96.0,98.71,95.68,97.82,114602142,AAPL,-0.06257786296118828,4,2016,104.3056,109.79087500000001
2016-04-28,97.61,97.88,94.25,94.83,82242690,AAPL,-0.030566346350439533,4,2016,104.2398,109.636975
2016-04-29,93.99,94.72,92.51,93.74,68531478,AAPL,-0.011494252873563204,4,2016,104.18939999999999,109.47157500000002
2016-05-02,93.965,94.08,92.4,93.64,48160104,AAPL,-0.0010667804565819283,5,2016,104.14139999999999,109.297225
2016-05-03,94.2,95.74,93.68,95.18,56831277,AAPL,0.016445963263562735,5,2016,104.1074,109.12502500000001
2016-05-04,95.2,95.9,93.82,94.19,41025475,AAPL,-0.010401344820340497,5,2016,104.0974,108.935625
2016-05-05,94.0,94.07,92.68,93.24,35890500,AAPL,-0.010085996390274965,5,2016,104.04019999999998,108.74807500000001
2016-05-06,93.37,93.45,91.85,92.72,43699886,AAPL,-0.005577005577005578,5,2016,103.9594,108.58557499999999
2016-05-09,93.0,93.77,92.59,92.79,32936436,AAPL,0.0007549611734254391,5,2016,103.87700000000001,108.42372499999999
2016-05-10,93.33,93.57,92.11,93.42,33686836,AAPL,0.006789524733268548,5,2016,103.8116,108.268325
2016-05-11,93.48,93.57,92.46,92.51,28719109,AAPL,-0.00974095482766002,5,2016,103.6512,108.117025
2016-05-12,92.72,92.78,89.47,90.34,76314690,AAPL,-0.023456923575829625,5,2016,103.44300000000001,107.95182500000001
2016-05-13,90.0,91.67,90.0,90.52,44392765,AAPL,0.0019924728802300784,5,2016,103.2234,107.789475
2016-05-16,92.39,94.39,91.65,93.88,61259756,AAPL,0.03711886875828552,5,2016,103.0408,107.64702500000001
2016-05-17,94.55,94.7,93.01,93.49,46916939,AAPL,-0.004154239454622899,5,2016,102.8732,107.50797499999999
2016-05-18,94.16,95.21,93.89,94.56,42062391,AAPL,0.011445074339501593,5,2016,102.74380000000001,107.388575
2016-05-19,94.64,94.64,93.57,94.2,30442100,AAPL,-0.0038071065989847552,5,2016,102.60539999999999,107.286375
2016-05-20,94.64,95.43,94.52,95.22,32025968,AAPL,0.010828025477706893,5,2016,102.48640000000002,107.18547499999998
2016-05-23,95.87,97.19,95.67,96.43,38018643,AAPL,0.012707414408737794,5,2016,102.3698,107.091975
2016-05-24,97.22,98.09,96.84,97.9,35140174,AAPL,0.015244218604168802,5,2016,102.2774,107.00387500000001
2016-05-25,98.67,99.74,98.11,99.62,38642108,AAPL,0.01756894790602659,5,2016,102.1782,106.903375
2016-05-26,99.68,100.73,98.64,100.41,56331159,AAPL,0.007930134511142217,5,2016,102.06700000000001,106.837975
2016-05-27,99.44,100.47,99.245,100.35,36341240,AAPL,-0.0005975500448163196,5,2016,101.95800000000001,106.76352500000002
2016-05-31,99.6,100.4,98.82,99.86,42307212,AAPL,-0.004882909815645209,5,2016,101.8368,106.687075
2016-06-01,99.02,99.54,98.33,98.46,29173285,AAPL,-0.014019627478469965,6,2016,101.68780000000001,106.599575
2016-06-02,97.6,97.84,96.63,97.72,40191600,AAPL,-0.007515742433475525,6,2016,101.5078,106.50237499999999
2016-06-03,97.79,98.27,97.45,97.92,28504888,AAPL,0.002046663937781412,6,2016,101.34360000000001,106.409475
2016-06-06,97.99,101.89,97.55,98.63,23292504,AAPL,0.007250816993463971,6,2016,101.20279999999998,106.327575
2016-06-07,99.25,99.87,98.96,99.03,22409450,AAPL,0.004055561188279544,6,2016,101.07960000000001,106.25947500000001
2016-06-08,99.02,99.56,98.68,98.94,20848131,AAPL,-0.0009088155104514106,6,2016,100.9048,106.225375
2016-06-09,98.5,99.99,98.46,99.65,26601354,AAPL,0.007176066302809758,6,2016,100.7066,106.20802499999999
2016-06-10,98.53,99.3457,98.48,98.83,31712936,AAPL,-0.008228800802809855,6,2016,100.5034,106.183475
2016-06-13,98.69,99.12,97.1,97.34,38020494,AAPL,-0.015076393807548216,6,2016,100.25040000000001,106.12172499999998
2016-06-14,97.32,98.475,96.75,97.46,31931944,AAPL,0.0012327922745016817,6,2016,99.97720000000001,106.044425
2016-06-15,97.82,98.41,97.03,97.14,29445227,AAPL,-0.0032833983172583237,6,2016,99.7238,105.96367500000001
2016-06-16,96.45,97.75,96.07,97.55,31326815,AAPL,0.0042207123738933205,6,2016,99.45559999999999,105.88762500000001
2016-06-17,96.62,96.65,95.3,95.33,61008219,AAPL,-0.02275756022552533,6,2016,99.19139999999999,105.82567499999999
2016-06-20,96.0,96.57,95.03,95.1,34411901,AAPL,-0.0024126717717403157,6,2016,98.92020000000001,105.739475
2016-06-21,94.94,96.35,94.676,95.91,35546358,AAPL,0.008517350157728698,6,2016,98.65800000000002,105.667175
2016-06-22,96.25,96.89,95.35,95.55,29219122,AAPL,-0.003753518923991228,6,2016,98.3602,105.598575
2016-06-23,95.94,96.29,95.25,96.1,32240187,AAPL,0.005756148613291545,6,2016,98.0414,105.51752499999999
2016-06-24,92.91,94.655,92.65,93.4,75311356,AAPL,-0.02809573361082196,6,2016,97.66740000000001,105.43377500000001
2016-06-27,93.0,93.05,91.5,92.04,46622188,AAPL,-0.0145610278372591,6,2016,97.31120000000001,105.33112500000001
2016-06-28,92.9,93.66,92.14,93.59,40444914,AAPL,0.01684050412863969,6,2016,97.03339999999999,105.228025
2016-06-29,93.97,94.55,93.63,94.4,36531006,AAPL,0.008654770808847134,6,2016,96.7832,105.123475
2016-06-30,94.44,95.77,94.3,95.6,35836356,AAPL,0.012711864406779627,6,2016,96.55259999999998,105.02007499999999
2016-07-01,95.49,96.465,95.33,95.89,26026540,AAPL,0.0030334728033474256,7,2016,96.351,104.917475
2016-07-05,95.39,95.4,94.46,94.99,27705210,AAPL,-0.009385754510376487,7,2016,96.13719999999999,104.822825
2016-07-06,94.6,95.66,94.37,95.53,30949090,AAPL,0.005684808927255647,7,2016,95.9462,104.733225
2016-07-07,95.7,96.5,95.62,95.94,25139558,AAPL,0.0042918454935620964,7,2016,95.77799999999999,104.636875
2016-07-08,96.49,96.89,96.05,96.68,28912103,AAPL,0.007713154054617588,7,2016,95.7552,104.553275
2016-07-11,96.75,97.65,96.73,96.98,23794945,AAPL,0.0031030202730657486,7,2016,95.7982,104.46657499999999
2016-07-12,97.17,97.7,97.12,97.42,24167463,AAPL,0.00453701794184358,7,2016,95.87180000000001,104.378675
2016-07-13,97.41,97.67,96.84,96.87,25892171,AAPL,-0.005645657975774987,7,2016,95.93639999999999,104.289475
2016-07-14,97.39,98.99,97.32,98.79,38918997,AAPL,0.01982037782595225,7,2016,96.00859999999999,104.22122500000002
2016-07-15,98.92,99.3,98.5,98.78,30136990,AAPL,-0.00010122482032604019,7,2016,96.10040000000001,104.169825
2016-07-18,98.7,100.13,98.6,99.83,36493867,AAPL,0.010629682121886974,7,2016,96.2322,104.11747500000001
2016-07-19,99.56,100.0,99.34,99.87,23779924,AAPL,0.000400681157968652,7,2016,96.3752,104.068925
2016-07-20,100.0,100.46,99.735,99.96,26275968,AAPL,0.00090117152297986,7,2016,96.5186,104.01682499999998
2016-07-21,99.83,101.0,99.13,99.43,32702028,AAPL,-0.0053021208483392535,7,2016,96.63879999999999,103.960075
2016-07-22,99.26,99.3,98.31,98.66,28313669,AAPL,-0.00774414160716097,7,2016,96.76180000000001,103.896825
2016-07-25,98.25,98.84,96.92,97.34,40382921,AAPL,-0.013379282383944813,7,2016,96.90179999999998,103.829625
2016-07-26,96.82,97.97,96.42,96.67,56239822,AAPL,-0.006883090199301445,7,2016,97.0248,103.76547499999998
2016-07-27,104.265,104.35,102.75,102.95,92344820,AAPL,0.0649632771283748,7,2016,97.20620000000001,103.719625
2016-07-28,102.83,104.45,102.82,104.34,39869839,AAPL,0.013501699854298277,7,2016,97.4232,103.68332500000001
2016-07-29,104.19,104.55,103.68,104.21,27733688,AAPL,-0.0012459267778417438,7,2016,97.61619999999999,103.64542499999999
2016-08-01,104.41,106.15,104.41,106.05,38167871,AAPL,0.01765665483159018,8,2016,97.8532,103.62462500000001
2016-08-02,106.05,106.07,104.0,104.48,33816556,AAPL,-0.014804337576614701,8,2016,98.0384,103.587725
2016-08-03,104.81,105.84,104.77,105.79,30202641,AAPL,0.012538284839203717,8,2016,98.22560000000001,103.56147500000002
2016-08-04,105.58,106.0,105.28,105.87,27408650,AAPL,0.0007562151432081166,8,2016,98.385,103.53217500000001
2016-08-05,106.27,107.65,106.18,107.48,40553402,AAPL,0.01520732974402561,8,2016,98.5422,103.500725
2016-08-08,107.52,108.37,107.16,108.37,28037220,AAPL,0.008280610346110828,8,2016,98.70139999999999,103.47377499999999
2016-08-09,108.23,108.94,108.01,108.81,26315204,AAPL,0.004060164252099208,8,2016,98.8706,103.44032499999999
2016-08-10,108.71,108.9,107.76,108.0,24008505,AAPL,-0.007444168734491385,8,2016,99.0334,103.38492500000001
2016-08-11,108.52,108.93,107.85,107.93,27484506,AAPL,-0.0006481481481480644,8,2016,99.2228,103.34817500000001
2016-08-12,107.78,108.44,107.78,108.18,18660434,AAPL,0.002316316130825502,8,2016,99.43199999999999,103.31632499999999
2016-08-15,108.14,109.54,108.08,109.48,25868209,AAPL,0.012017008689221731,8,2016,99.6632,103.26737500000002
2016-08-16,109.63,110.23,109.21,109.38,33794448,AAPL,-0.0009134088417976916,8,2016,99.87820000000002,103.211625
2016-08-17,109.1,109.37,108.34,109.22,25355976,AAPL,-0.0014627902724446695,8,2016,100.082,103.160225
2016-08-18,109.23,109.6,109.02,109.08,21984703,AAPL,-0.001281816517121448,8,2016,100.28480000000002,103.09972499999999
2016-08-19,108.77,109.69,108.36,109.36,25368072,AAPL,0.0025669233590026597,8,2016,100.479,103.033675
2016-08-22,108.86,109.1,107.85,108.51,25820230,AAPL,-0.007772494513533235,8,2016,100.6726,102.966225
2016-08-23,108.59,109.32,108.53,108.85,21257669,AAPL,0.0031333517648142184,8,2016,100.90279999999998,102.905875
2016-08-24,108.565,108.75,107.68,108.03,23675081,AAPL,-0.007533302710151513,8,2016,101.11420000000003,102.840725
2016-08-25,107.39,107.88,106.68,107.57,25086248,AAPL,-0.004258076460242566,8,2016,101.3228,102.77572500000001
2016-08-26,107.41,107.95,106.31,106.94,27766291,AAPL,-0.005856651482755382,8,2016,101.5106,102.726575
2016-08-29,106.62,107.44,106.29,106.82,24970300,AAPL,-0.001122124555825721,8,2016,101.74040000000001,102.68012499999999
2016-08-30,105.8,106.5,105.5,106.0,24863945,AAPL,-0.007676465081445372,8,2016,101.9584,102.631525
2016-08-31,105.66,106.5699,105.64,106.1,29662406,AAPL,0.0009433962264151496,8,2016,102.1622,102.60032500000001
2016-09-01,106.14,106.8,105.62,106.73,26701523,AAPL,0.0059377945334591065,9,2016,102.3858,102.56309999999999
2016-09-02,107.7,108.0,106.82,107.73,26802450,AAPL,0.009369436896842442,9,2016,102.61840000000001,102.5333
2016-09-06,107.9,108.3,107.51,107.7,26880391,AAPL,-0.0002784739626845445,9,2016,102.90439999999998,102.48535
2016-09-07,107.83,108.76,107.07,108.36,42364328,AAPL,0.006128133704735417,9,2016,103.2308,102.43325
2016-09-08,107.25,107.27,105.24,105.52,53002026,AAPL,-0.026208933185677408,9,2016,103.46940000000001,102.36435
2016-09-09,104.64,105.72,103.13,103.13,46556984,AAPL,-0.02264973464746023,9,2016,103.64399999999999,102.29125
2016-09-12,102.65,105.72,102.53,105.44,45292770,AAPL,0.022398913992048852,9,2016,103.84080000000002,102.22405
2016-09-13,107.51,108.79,107.24,107.95,62176190,AAPL,0.023805007587253568,9,2016,104.08200000000001,102.17365
2016-09-14,108.73,113.03,108.6,111.77,112340318,AAPL,0.035386753126447346,9,2016,104.41760000000001,102.14344999999999
2016-09-15,113.86,115.73,113.49,115.57,90613177,AAPL,0.0339983895499687,9,2016,104.8184,102.12979999999999
2016-09-16,115.12,116.13,114.04,114.92,79886911,AAPL,-0.0056242969628795825,9,2016,105.198,102.1177
2016-09-19,115.19,116.18,113.25,113.58,47023046,AAPL,-0.011660285415941551,9,2016,105.536,102.1042
2016-09-20,113.05,114.12,112.51,113.57,34514269,AAPL,-8.804366966019828e-05,9,2016,105.8678,102.09604999999999
2016-09-21,113.85,113.989,112.441,113.55,36003185,AAPL,-0.00017610284406088805,9,2016,106.19040000000001,102.06865000000002
2016-09-22,114.35,114.94,114.0,114.62,31073984,AAPL,0.009423161602818197,9,2016,106.54540000000001,102.05035
2016-09-23,114.42,114.79,111.55,112.71,52481151,AAPL,-0.01666375850636892,9,2016,106.8238,102.02275
2016-09-26,111.64,113.39,111.55,112.88,29869442,AAPL,0.0015082956259426794,9,2016,107.1058,102.00905
2016-09-27,113.0,113.18,112.34,113.09,24607412,AAPL,0.0018603827072998236,9,2016,107.37099999999998,101.99365
2016-09-28,113.69,114.64,113.43,113.95,29641085,AAPL,0.0076045627376426506,9,2016,107.6526,101.9975
2016-09-29,113.16,113.8,111.8,112.18,35886990,AAPL,-0.015533128565160093,9,2016,107.89699999999999,101.99599999999998
2016-09-30,112.46,113.37,111.8,113.05,36379106,AAPL,0.007755393118202836,9,2016,108.16940000000001,102.00880000000001
2016-10-03,112.71,113.05,112.28,112.52,21701760,AAPL,-0.004688191065900016,10,2016,108.4466,102.0147
2016-10-04,113.06,114.31,112.63,113.0,29736835,AAPL,0.004265908282971909,10,2016,108.75980000000001,102.03480000000002
2016-10-05,113.4,113.66,112.69,113.05,21453089,AAPL,0.00044247787610607325,10,2016,109.0874,102.0699
2016-10-06,113.7,114.34,113.13,113.89,28779313,AAPL,0.007430340557275539,10,2016,109.30619999999999,102.1027
2016-10-07,114.31,114.56,113.51,114.06,24358443,AAPL,0.001492668364211136,10,2016,109.50060000000002,102.13685000000001
2016-10-10,115.02,116.75,114.72,116.05,36235956,AAPL,0.01744695774153948,10,2016,109.7374,102.17405000000001
2016-10-11,117.7,118.69,116.2,116.3,64041043,AAPL,0.0021542438604049696,10,2016,109.94239999999999,102.2154
2016-10-12,117.35,117.98,116.75,117.34,37586787,AAPL,0.008942390369733433,10,2016,110.19959999999999,102.26799999999999
2016-10-13,116.79,117.44,115.72,116.98,35192406,AAPL,-0.0030680074995739215,10,2016,110.4234,102.3092
2016-10-14,117.88,118.17,117.13,117.63,35652191,AAPL,0.005556505385535981,10,2016,110.65859999999999,102.36075000000001
2016-10-17,117.33,117.84,116.78,117.55,23624896,AAPL,-0.0006800986142990739,10,2016,110.86,102.42219999999999
2016-10-18,118.18,118.21,117.45,117.47,24553478,AAPL,-0.0006805614632071633,10,2016,111.042,102.48280000000001
2016-10-19,117.25,117.76,113.8,117.12,20034594,AAPL,-0.0029794841236059355,10,2016,111.20819999999999,102.55485
2016-10-20,116.86,117.38,116.33,117.06,24125801,AAPL,-0.0005122950819672623,10,2016,111.38940000000001,102.63665
2016-10-21,116.81,116.91,116.28,116.6,23192665,AAPL,-0.0039296087476508035,10,2016,111.56279999999998,102.7374
2016-10-24,117.1,117.74,117.0,117.65,23538673,AAPL,0.009005145797598813,10,2016,111.75220000000002,102.84085
2016-10-25,117.95,118.36,117.31,118.25,48128970,AAPL,0.0050998725031874415,10,2016,111.9276,102.93945000000002
2016-10-26,114.31,115.7,113.31,115.59,66134219,AAPL,-0.022494714587737774,10,2016,112.0518,103.0176
2016-10-27,115.39,115.86,114.1,114.48,34562045,AAPL,-0.009602906825849966,10,2016,112.15700000000001,103.10305
2016-10-28,113.87,115.21,113.45,113.72,37861662,AAPL,-0.00663871418588402,10,2016,112.2498,103.17405
2016-10-31,113.65,114.23,113.2,113.54,26419398,AAPL,-0.0015828350334153862,10,2016,112.3334,103.2561
2016-11-01,113.46,113.77,110.53,111.49,43825812,AAPL,-0.018055310903646427,11,2016,112.39299999999999,103.33025000000002
2016-11-02,111.4,112.35,111.23,111.59,28331709,AAPL,0.0008969414297246292,11,2016,112.4478,103.40425
2016-11-03,110.98,111.46,109.55,109.83,26932602,AAPL,-0.015772022582668743,11,2016,112.48379999999999,103.4719
2016-11-04,108.53,110.25,108.11,108.84,30836997,AAPL,-0.009013930620049071,11,2016,112.5092,103.509
2016-11-07,110.08,110.51,109.46,110.41,32560000,AAPL,0.014424843807423704,11,2016,112.57860000000001,103.56385
2016-11-08,110.31,111.72,109.7,111.06,24254179,AAPL,0.005887147903269607,11,2016,112.66339999999998,103.6192
2016-11-09,109.88,111.32,108.05,110.88,59176361,AAPL,-0.0016207455429497752,11,2016,112.76099999999998,103.70649999999999
2016-11-10,111.09,111.09,105.83,107.79,57134541,AAPL,-0.02786796536796532,11,2016,112.7948,103.775
2016-11-11,107.12,108.87,106.55,108.43,34143898,AAPL,0.00593747100844233,11,2016,112.82879999999999,103.83045
2016-11-14,107.71,107.809,104.08,105.71,51175504,AAPL,-0.025085308493959402,11,2016,112.7884,103.87684999999999
2016-11-15,106.57,107.68,106.1593,107.11,32264510,AAPL,0.013243780153249451,11,2016,112.7766,103.94
2016-11-16,106.7,110.23,106.6,109.99,58840522,AAPL,0.026888245728690086,11,2016,112.8092,104.0082
2016-11-17,109.81,110.35,108.83,109.95,27632003,AAPL,-0.0003636694244930627,11,2016,112.8978,104.07495
2016-11-18,109.72,110.54,109.66,110.06,28428917,AAPL,0.0010004547521600404,11,2016,113.0364,104.15514999999999
2016-11-21,110.12,111.99,110.01,111.73,29264571,AAPL,0.015173541704524895,11,2016,113.1622,104.23875
2016-11-22,111.95,112.42,111.4,111.8,25965534,AAPL,0.0006265103374205605,11,2016,113.2392,104.3228
2016-11-23,111.36,111.51,110.33,111.23,27426394,AAPL,-0.005098389982110874,11,2016,113.22840000000001,104.4076
2016-11-25,111.13,111.87,110.95,111.79,11475922,AAPL,0.005034612964128327,11,2016,113.15279999999998,104.49804999999998
2016-11-28,111.43,112.465,111.39,111.57,27193983,AAPL,-0.001967975668664579,11,2016,113.08580000000002,104.58595000000001
2016-11-29,110.78,112.03,110.07,111.46,28528750,AAPL,-0.000985928116877255,11,2016,113.04339999999998,104.66005000000001
2016-11-30,111.6,112.2,110.27,110.52,36162258,AAPL,-0.008433518751121416,11,2016,112.9824,104.72205
2016-12-01,110.365,110.94,109.03,109.49,37086862,AAPL,-0.009319580166485708,12,2016,112.90119999999999,104.7882
2016-12-02,109.17,110.09,108.85,109.9,26527997,AAPL,0.0037446342131701726,12,2016,112.80680000000001,104.8575
2016-12-05,110.0,110.03,108.25,109.11,34324540,AAPL,-0.007188353048225737,12,2016,112.73479999999999,104.91865
2016-12-06,109.5,110.36,109.19,109.95,26195462,AAPL,0.007698652735771194,12,2016,112.6762,104.99494999999999
2016-12-07,109.26,111.19,109.16,111.03,29998719,AAPL,0.00982264665757171,12,2016,112.635,105.06960000000001
2016-12-08,110.86,112.43,110.6,112.12,27068316,AAPL,0.009817166531568056,12,2016,112.5984,105.1464
2016-12-09,112.31,114.7,112.31,113.95,34402627,AAPL,0.016321798073492655,12,2016,112.63380000000001,105.2316
2016-12-12,113.29,115.0,112.49,113.3,26374377,AAPL,-0.005704256252742512,12,2016,112.6388,105.31465
2016-12-13,113.84,115.92,113.75,115.19,43733811,AAPL,0.0166813768755516,12,2016,112.6922,105.38795
2016-12-14,115.04,116.2,114.98,115.19,34031834,AAPL,0.0,12,2016,112.73599999999999,105.46015000000001
2016-12-15,115.38,116.73,115.23,115.82,46524544,AAPL,0.005469224759093727,12,2016,112.79140000000001,105.53175000000002
2016-12-16,116.47,116.5,115.645,115.97,44351134,AAPL,0.0012951131065446209,12,2016,112.83300000000001,105.59655000000001
2016-12-19,115.8,117.38,115.75,116.64,27779423,AAPL,0.005777356212813611,12,2016,112.88459999999999,105.67040000000001
2016-12-20,116.74,117.5,116.68,116.95,21424965,AAPL,0.002657750342935472,12,2016,112.9026,105.75
2016-12-21,116.8,117.4,116.78,117.06,23783165,AAPL,0.0009405728943994163,12,2016,112.9178,105.82969999999999
2016-12-22,116.35,116.51,115.64,116.29,26085854,AAPL,-0.00657782333845891,12,2016,112.8968,105.90530000000001
2016-12-23,115.59,116.52,115.59,116.52,14249484,AAPL,0.0019778140854758153,12,2016,112.88759999999998,105.9766
2016-12-27,116.52,117.8,116.49,117.26,18296855,AAPL,0.006350841057329193,12,2016,112.8802,106.0503
2016-12-28,117.52,118.0166,116.2,116.76,20905892,AAPL,-0.004264028654272556,12,2016,112.8644,106.11120000000001
2016-12-29,116.45,117.1095,116.4,116.73,15039519,AAPL,-0.0002569373072970338,12,2016,112.8496,106.165
2016-12-30,116.65,117.2,115.43,115.82,30586265,AAPL,-0.007795768011650939,12,2016,112.8236,106.2151
2017-01-03,115.8,116.33,114.76,116.15,28781865,AAPL,0.002849248834398299,1,2017,112.80539999999999,106.26625
2017-01-04,115.85,116.51,115.75,116.02,21118116,AAPL,-0.001119242359018613,1,2017,112.7938,106.3168
2017-01-05,115.92,116.8642,115.81,116.61,22193587,AAPL,0.0050853301154973884,1,2017,112.773,106.36625
2017-01-06,116.78,118.16,116.47,117.91,31751900,AAPL,0.011148272017837302,1,2017,112.76619999999998,106.42514999999999
2017-01-09,117.95,119.43,117.94,118.99,33561948,AAPL,0.009159528453905441,1,2017,112.83419999999998,106.49175000000001
2017-01-10,118.77,119.38,118.3,119.11,24462051,AAPL,0.0010084881082443875,1,2017,112.9268,106.56135
2017-01-11,118.74,119.93,118.6,119.75,27588593,AAPL,0.005373184451347601,1,2017,113.0474,106.6217
2017-01-12,118.895,119.3,118.21,119.25,27086220,AAPL,-0.0041753653444676075,1,2017,113.16159999999999,106.67015
2017-01-13,119.11,119.62,118.81,119.04,26111948,AAPL,-0.001761006289308087,1,2017,113.3126,106.72039999999998
2017-01-17,118.34,120.24,118.22,120.0,34439843,AAPL,0.008064516129032251,1,2017,113.4808,106.77045
2017-01-18,120.0,120.5,119.71,119.99,23712961,AAPL,-8.333333333332416e-05,1,2017,113.684,106.81479999999999
2017-01-19,119.4,120.09,119.37,119.78,25597291,AAPL,-0.00175014584548705,1,2017,113.90279999999998,106.86465
2017-01-20,120.45,120.45,119.7346,120.0,32597892,AAPL,0.0018367006177992806,1,2017,114.09459999999999,106.90984999999999
2017-01-23,120.0,120.81,119.77,120.08,22050218,AAPL,0.0006666666666665932,1,2017,114.275,106.96755000000002
2017-01-24,119.55,120.1,119.5,119.97,23211038,AAPL,-0.0009160559626915088,1,2017,114.4568,107.0241
2017-01-25,120.42,122.1,120.28,121.88,32586673,AAPL,0.015920646828373686,1,2017,114.7386,107.08840000000001
2017-01-26,121.67,122.44,121.6,121.94,26337576,AAPL,0.0004922874958976919,1,2017,115.00880000000001,107.1459
2017-01-27,122.14,122.35,121.6,121.95,20562944,AAPL,8.20075446941182e-05,1,2017,115.3336,107.19545
2017-01-30,120.93,121.63,120.66,121.63,30377503,AAPL,-0.002624026240262478,1,2017,115.62400000000001,107.2431
2017-01-31,121.15,121.39,120.62,121.35,49200993,AAPL,-0.002302063635616247,1,2017,115.85119999999999,107.30059999999999
2017-02-01,127.03,130.49,127.01,128.75,111985040,AAPL,0.06098063452822422,2,2017,116.2272,107.40695
2017-02-02,127.975,129.39,127.78,128.53,33710411,AAPL,-0.0017087378640776585,2,2017,116.5966,107.51505000000002
2017-02-03,128.31,129.19,128.16,129.08,24507301,AAPL,0.004279156617132296,2,2017,116.9436,107.6248
2017-02-06,129.13,130.5,128.9,130.29,26845924,AAPL,0.009374031608304856,2,2017,117.3134,107.7464
2017-02-07,130.54,132.09,130.45,131.53,38183841,AAPL,0.009517230792846831,2,2017,117.71940000000001,107.87565
2017-02-08,131.35,132.22,131.22,132.04,23004072,AAPL,0.003877442408575904,2,2017,118.12440000000001,108.01045
2017-02-09,131.65,132.445,131.12,132.42,28349859,AAPL,0.002877915783096041,2,2017,118.5414,108.1508
2017-02-10,132.46,132.94,132.05,132.12,20065458,AAPL,-0.002265518803805988,2,2017,118.95460000000001,108.3223
2017-02-13,133.08,133.82,132.75,133.29,23035421,AAPL,0.008855585831062607,2,2017,119.41,108.51460000000002
2017-02-14,133.47,135.09,133.25,135.02,33226223,AAPL,0.012979218245930069,2,2017,119.92060000000001,108.72099999999999
2017-02-15,135.52,136.27,134.62,135.51,35623100,AAPL,0.0036290919863721793,2,2017,120.43279999999999,108.93035
2017-02-16,135.67,135.9,134.8398,135.345,22584555,AAPL,-0.0012176223156962207,2,2017,120.9575,109.131175
2017-02-17,135.1,135.83,135.1,135.72,22198197,AAPL,0.002770697107392195,2,2017,121.47290000000001,109.338825
2017-02-21,136.23,136.75,135.98,136.7,24507156,AAPL,0.007220748600058835,2,2017,121.98630000000001,109.556125
2017-02-22,136.43,137.12,136.11,137.11,20836932,AAPL,0.0029992684711048767,2,2017,122.4861,109.778075
2017-02-23,137.38,137.48,136.3,136.53,20788186,AAPL,-0.004230180147327012,2,2017,122.9377,109.996775
2017-02-24,135.91,136.66,135.28,136.66,21776585,AAPL,0.0009521716838789551,2,2017,123.4049,110.21297499999999
2017-02-27,137.14,137.435,136.28,136.93,20257426,AAPL,0.001975706132006483,2,2017,123.8397,110.435075
2017-02-28,137.08,137.435,136.7,136.99,23482860,AAPL,0.00043818009201790353,2,2017,124.27570000000001,110.66832500000001
2017-03-01,137.89,140.15,137.595,139.79,36414585,AAPL,0.020439448134900173,3,2017,124.7551,110.914675
2017-03-02,140.0,140.2786,138.76,138.96,26210984,AAPL,-0.0059374776450388245,3,2017,125.2149,111.140075
2017-03-03,138.78,139.83,138.59,139.78,21571121,AAPL,0.005900978698906156,3,2017,125.6777,111.371525
2017-03-06,139.365,139.77,138.5959,139.34,21750044,AAPL,-0.0031478036915152385,3,2017,126.12550000000002,111.59542499999999
2017-03-07,139.06,139.98,138.79,139.52,17446297,AAPL,0.001291804219893944,3,2017,126.57469999999999,111.822025
2017-03-08,138.95,139.8,138.82,139.0,18707236,AAPL,-0.0037270642201835402,3,2017,127.0289,112.040925
2017-03-09,138.74,138.79,137.05,138.68,22155904,AAPL,-0.002302158273381205,3,2017,127.47210000000001,112.25217500000001
2017-03-10,139.25,139.3571,138.64,139.14,19612801,AAPL,0.003316988751081551,3,2017,127.90970000000002,112.45837499999999
2017-03-13,138.85,139.43,138.82,139.2,17421717,AAPL,0.0004312203536007697,3,2017,128.3585,112.65627500000001
2017-03-14,139.3,139.65,138.84,138.99,15309065,AAPL,-0.0015086206896550713,3,2017,128.8037,112.849175
2017-03-15,139.41,140.7501,139.025,140.46,25691774,AAPL,0.01057630045326996,3,2017,129.2965,113.049725
2017-03-16,140.72,141.02,140.26,140.69,19231998,AAPL,0.0016374768617399837,3,2017,129.7873,113.25387500000001
2017-03-17,141.0,141.0,139.89,139.99,43884952,AAPL,-0.004975478001279288,3,2017,130.26670000000001,113.461525
2017-03-20,140.4,141.5,140.23,141.46,21542038,AAPL,0.010500750053575203,3,2017,130.7637,113.68022500000001
2017-03-21,142.11,142.8,139.73,139.84,39529912,AAPL,-0.011452000565530973,3,2017,131.2023,113.889825
2017-03-22,139.845,141.6,139.76,141.42,25860165,AAPL,0.01129862700228812,3,2017,131.6509,114.10377499999998
2017-03-23,141.26,141.5844,140.61,140.92,20346301,AAPL,-0.0035355678121906653,3,2017,132.0871,114.313225
2017-03-24,141.5,141.74,140.35,140.64,22395563,AAPL,-0.001986942946352599,3,2017,132.5049,114.521725
2017-03-27,139.39,141.22,138.62,140.88,23575094,AAPL,0.0017064846416383617,3,2017,132.9375,114.727875
2017-03-28,140.91,144.04,140.62,143.8,33374805,AAPL,0.020726859738784853,3,2017,133.4327,114.95272500000002
2017-03-29,143.68,144.49,143.19,144.12,29189955,AAPL,0.0022253129346314626,3,2017,133.9151,115.186625
2017-03-30,144.19,144.5,143.5,143.93,21207252,AAPL,-0.0013183458229253375,3,2017,134.3939,115.41897499999999
2017-03-31,143.72,144.27,143.01,143.66,19661651,AAPL,-0.001875911901618954,3,2017,134.87150000000003,115.651575
2017-04-03,143.71,144.12,143.05,143.7,19985714,AAPL,0.0002784351942084484,4,2017,135.34550000000002,115.882325
2017-04-04,143.25,144.89,143.17,144.77,19891354,AAPL,0.007446068197634048,4,2017,135.8393,116.12952500000002
2017-04-05,144.22,145.46,143.81,144.02,27717854,AAPL,-0.0051806313462734455,4,2017,136.3203,116.374125
2017-04-06,144.29,144.52,143.45,143.66,21149034,AAPL,-0.0024996528259965123,4,2017,136.7559,116.612875
2017-04-07,143.73,144.18,143.27,143.34,16658543,AAPL,-0.0022274815536683645,4,2017,137.1839,116.851825
2017-04-10,143.6,143.8792,142.9,143.17,18933397,AAPL,-0.00118599134923969,4,2017,137.60829999999999,117.087175
2017-04-11,142.94,143.35,140.06,141.63,30379376,AAPL,-0.010756443388978076,4,2017,138.0083,117.328325
2017-04-12,141.6,142.15,141.01,141.8,20350000,AAPL,0.0012003106686437892,4,2017,138.41729999999998,117.577125
2017-04-13,141.91,142.38,141.05,141.05,17822880,AAPL,-0.005289139633286366,4,2017,138.6633,117.81442499999999
2017-04-17,141.48,141.88,140.87,141.83,16582094,AAPL,0.0055299539170508005,4,2017,138.9293,118.05157500000001
2017-04-18,141.41,142.04,141.11,141.2,14697544,AAPL,-0.004441937530846984,4,2017,139.1717,118.27957500000001
2017-04-19,141.88,142.0,140.45,140.68,17328375,AAPL,-0.0036827195467420415,4,2017,139.37949999999998,118.503525
2017-04-20,141.22,142.92,141.16,142.44,23319562,AAPL,0.012510662496445724,4,2017,139.5977,118.74077500000001
2017-04-21,142.44,142.68,141.85,142.27,17320928,AAPL,-0.0011934849761302546,4,2017,139.8023,118.974475
2017-04-24,143.5,143.95,143.18,143.64,17134333,AAPL,0.009629577563786906,4,2017,140.0267,119.212975
2017-04-25,143.91,144.9,143.87,144.53,18871501,AAPL,0.006196045669730088,4,2017,140.2749,119.452225
2017-04-26,144.47,144.6,143.3762,143.68,20041241,AAPL,-0.0058811319449249,4,2017,140.4827,119.685725
2017-04-27,143.9225,144.16,143.31,143.79,14246347,AAPL,0.0007655902004453097,4,2017,140.6581,119.917575
2017-04-28,144.09,144.3,143.27,143.65,20860358,AAPL,-0.0009736421169760368,4,2017,140.8209,120.15147499999999
2017-05-01,145.1,147.2,144.96,146.58,33602943,AAPL,0.020396797772363362,5,2017,141.0456,120.390425
2017-05-02,147.54,148.09,146.84,147.51,45352194,AAPL,0.006344658207122267,5,2017,141.2814,120.634075
2017-05-03,145.59,147.49,144.27,147.06,45697034,AAPL,-0.003050640634533197,5,2017,141.48860000000002,120.87022499999999
2017-05-04,146.52,147.14,145.81,146.53,23371872,AAPL,-0.0036039711682306352,5,2017,141.67700000000002,121.10352499999999
2017-05-05,146.76,148.98,146.76,148.96,27327725,AAPL,0.016583634750563014,5,2017,141.9256,121.34852500000001
2017-05-08,149.03,153.7,149.03,153.01,48752413,AAPL,0.027188506981739913,5,2017,142.2526,121.61642499999999
2017-05-09,153.87,154.88,153.45,153.99,39130363,AAPL,0.0064048101431279925,5,2017,142.59380000000002,121.89307500000001
2017-05-10,153.63,153.94,152.11,153.26,25805692,AAPL,-0.00474056756932284,5,2017,142.9192,122.172675
2017-05-11,152.45,154.07,152.31,153.95,27255058,AAPL,0.004502153203706172,5,2017,143.2024,122.45907500000001
2017-05-12,154.7,156.42,154.67,156.1,32527017,AAPL,0.013965573238064355,5,2017,143.5452,122.724825
2017-05-15,156.01,156.65,155.05,155.7,26009719,AAPL,-0.002562459961563124,5,2017,143.86360000000002,122.98162500000001
2017-05-16,155.94,156.06,154.72,155.47,20048478,AAPL,-0.0014771997430956807,5,2017,144.18619999999999,123.23792500000002
2017-05-17,153.6,154.57,149.71,150.25,50767678,AAPL,-0.033575609442336174,5,2017,144.4008,123.458925
2017-05-18,151.27,153.34,151.13,152.54,33568215,AAPL,0.015241264559068268,5,2017,144.6716,123.69922499999998
2017-05-19,153.38,153.98,152.63,153.06,26960788,AAPL,0.003408941916874353,5,2017,144.9592,123.93557499999999
2017-05-22,154.0,154.58,152.91,153.99,22966437,AAPL,0.00607604860838884,5,2017,145.25619999999998,124.176175
2017-05-23,154.9,154.9,153.31,153.8,19918871,AAPL,-0.001233846353659307,5,2017,145.5482,124.407775
2017-05-24,153.84,154.17,152.67,153.34,19219154,AAPL,-0.002990897269180781,5,2017,145.83520000000001,124.632625
2017-05-25,153.73,154.35,153.03,153.87,19235598,AAPL,0.003456371462110308,5,2017,146.1034,124.857925
2017-05-26,154.0,154.24,153.31,153.61,21927637,AAPL,-0.0016897380905959158,5,2017,146.36180000000002,125.085975
2017-05-30,153.42,154.43,153.33,153.67,20126851,AAPL,0.0003905995703403775,5,2017,146.6354,125.314675
2017-05-31,153.97,154.17,152.38,152.76,24451164,AAPL,-0.005921780438602142,5,2017,146.8614,125.537575
2017-06-01,153.17,153.33,152.22,153.18,16404088,AAPL,0.002749410840534372,6,2017,147.1282,125.756075
2017-06-02,153.58,155.45,152.89,155.45,27770715,AAPL,0.014819166993079946,6,2017,147.4088,125.986425
2017-06-05,154.34,154.45,153.46,153.93,25331662,AAPL,-0.009778063686072591,6,2017,147.669,126.20997500000001
2017-06-06,153.9,155.81,153.78,154.45,26624926,AAPL,0.0033781589033974324,6,2017,147.9452,126.43682499999998
2017-06-07,155.02,155.98,154.48,155.37,21069647,AAPL,0.005956620265458179,6,2017,148.235,126.666875
2017-06-08,155.25,155.54,154.4,154.99,21250798,AAPL,-0.002445774602561568,6,2017,148.4588,126.899275
2017-06-09,155.19,155.19,146.02,148.98,64882657,AAPL,-0.03877669527066274,6,2017,148.556,127.099925
2017-06-12,145.74,146.09,142.51,145.42,72307330,AAPL,-0.0238958249429454,6,2017,148.5858,127.286875
2017-06-13,147.16,147.45,145.15,146.59,34165445,AAPL,0.008045660844450575,6,2017,148.6444,127.481975
2017-06-14,147.5,147.5,143.84,145.16,31531232,AAPL,-0.009755099256429589,6,2017,148.6736,127.67307500000001
2017-06-15,143.32,144.4798,142.21,144.29,32165373,AAPL,-0.005993386607880957,6,2017,148.66400000000002,127.86042499999999
2017-06-16,143.78,144.5,142.2,142.27,50361093,AAPL,-0.013999584170767077,6,2017,148.629,128.041775
2017-06-19,143.66,146.74,143.66,146.34,32541404,AAPL,0.028607577142053753,6,2017,148.6826,128.242975
2017-06-20,146.87,146.87,144.94,145.01,24900073,AAPL,-0.009088424217575608,6,2017,148.716,128.434375
2017-06-21,145.52,146.0693,144.61,145.87,21265751,AAPL,0.005930625474105389,6,2017,148.77,128.625075
2017-06-22,145.77,146.7,145.1199,145.63,19106294,AAPL,-0.0016453006101323497,6,2017,148.85,128.814725
2017-06-23,145.13,147.16,145.11,146.28,35439389,AAPL,0.004463366064684449,6,2017,148.9396,129.004325
2017-06-26,147.17,148.28,145.38,145.82,25692361,AAPL,-0.0031446540880503138,6,2017,149.035,129.205825
2017-06-27,145.01,146.16,143.62,143.73,24761891,AAPL,-0.01433273899327936,6,2017,149.073,129.408825
2017-06-28,144.49,146.11,143.1601,145.83,22082432,AAPL,0.014610728449175658,6,2017,149.16559999999998,129.610775
2017-06-29,144.71,145.13,142.28,143.68,31499368,AAPL,-0.014743194130151571,6,2017,149.2256,129.78942500000002
2017-06-30,144.45,144.96,143.78,144.02,23024107,AAPL,0.002366369710467664,6,2017,149.25719999999998,129.95067500000002
2017-07-03,144.88,145.3001,143.1,143.5,14277848,AAPL,-0.0036106096375504437,7,2017,149.2818,130.090325
2017-07-05,143.69,144.79,142.7237,144.09,21569557,AAPL,0.004111498257839852,7,2017,149.2908,130.236175
2017-07-06,143.02,143.5,142.41,142.73,24128782,AAPL,-0.00943854535359856,7,2017,149.2548,130.38192500000002
2017-07-07,142.9,144.75,142.9,144.18,19201712,AAPL,0.010159041546976999,7,2017,149.2648,130.534975
2017-07-10,144.11,145.95,143.37,145.06,21090636,AAPL,0.00610348175891251,7,2017,149.2902,130.692525
2017-07-11,144.73,145.85,144.38,145.53,19781836,AAPL,0.003240038604715334,7,2017,149.3278,130.84707500000002
2017-07-12,145.87,146.18,144.82,145.74,24884478,AAPL,0.0014430014430015792,7,2017,149.311,131.012225
2017-07-13,145.5,148.49,145.44,147.77,25199373,AAPL,0.01392891450528344,7,2017,149.3162,131.186675
2017-07-14,147.97,149.33,147.33,149.04,20132061,AAPL,0.008594437301211233,7,2017,149.3558,131.366425
2017-07-17,148.82,150.9,148.57,149.56,23793456,AAPL,0.0034889962426194465,7,2017,149.41639999999998,131.54447499999998
2017-07-18,149.2,150.13,148.67,150.08,17868792,AAPL,0.0034768654720513936,7,2017,149.4388,131.73397500000002
2017-07-19,150.48,151.42,149.95,151.02,20922969,AAPL,0.0062633262260127776,7,2017,149.399,131.923825
2017-07-20,151.5,151.74,150.19,150.34,17243748,AAPL,-0.00450271487220244,7,2017,149.326,132.112925
2017-07-21,149.99,150.44,148.88,150.27,26252630,AAPL,-0.00046561128109612326,7,2017,149.2662,132.299275
2017-07-24,150.58,152.44,149.9,152.09,21493160,AAPL,0.012111532574698769,7,2017,149.22899999999998,132.494475
2017-07-25,151.8,153.84,151.8,152.74,18853932,AAPL,0.0042737852587284575,7,2017,149.1618,132.688725
2017-07-26,153.35,153.93,153.06,153.46,15780951,AAPL,0.004713892889878224,7,2017,149.117,132.88572499999998
2017-07-27,153.75,153.99,147.3,150.56,32476337,AAPL,-0.018897432555714855,7,2017,149.0188,133.05827499999998
2017-07-28,149.89,150.23,149.19,149.5,17213653,AAPL,-0.007040382571732229,7,2017,149.0038,133.224275
2017-07-31,149.9,150.33,148.13,148.73,19845920,AAPL,-0.005150501672240848,7,2017,148.9276,133.381225
2017-08-01,157.06,158.92,156.6701,158.59,21194042,AAPL,0.06629462784912277,8,2017,149.0382,133.589275
2017-08-02,159.28,159.75,156.16,157.14,69936800,AAPL,-0.00914307333375386,8,2017,149.1012,133.786825
2017-08-03,157.05,157.21,155.02,155.57,27097296,AAPL,-0.00999109074710447,8,2017,149.1366,133.976925
2017-08-04,156.07,157.4,155.69,156.39,20559852,AAPL,0.005270939127081098,8,2017,149.1976,134.171525
2017-08-07,157.06,158.92,156.6701,158.81,21870321,AAPL,0.015474135174883497,8,2017,149.2964,134.379975
2017-08-08,158.6,161.83,158.27,160.08,36205896,AAPL,0.007996977520307258,8,2017,149.4258,134.595075
2017-08-09,159.26,161.27,159.11,161.06,26131530,AAPL,0.0061219390304847465,8,2017,149.5736,134.817375
2017-08-10,159.9,160.0,154.63,155.32,40804273,AAPL,-0.03563889233825912,8,2017,149.6248,135.00572499999998
2017-08-11,156.6,158.5728,156.07,157.48,26257096,AAPL,0.013906773113572024,8,2017,149.7108,135.201875
2017-08-14,159.32,160.21,158.75,159.85,22122734,AAPL,0.015049530099060293,8,2017,149.7988,135.423175
2017-08-15,160.66,162.195,160.14,161.6,29465487,AAPL,0.01094776352830773,8,2017,149.9522,135.658775
2017-08-16,161.94,162.51,160.15,160.95,27671612,AAPL,-0.004022277227722859,8,2017,150.0822,135.894925
2017-08-17,160.52,160.71,157.84,157.86,27940565,AAPL,-0.01919850885368113,8,2017,150.13199999999998,136.116525
2017-08-18,157.86,159.5,156.72,157.5,27428069,AAPL,-0.0022805017103764147,8,2017,150.1822,136.346575
2017-08-21,157.5,157.89,155.1101,157.21,26368528,AAPL,-0.0018412698412697548,8,2017,150.34679999999997,136.57467499999998
2017-08-22,158.23,160.0,158.02,159.78,21604585,AAPL,0.016347560587748777,8,2017,150.63400000000001,136.82442500000002
2017-08-23,159.07,160.47,158.88,159.98,19399081,AAPL,0.0012517211165352649,8,2017,150.9018,137.080125
2017-08-24,160.43,160.74,158.55,159.27,19818918,AAPL,-0.004438054756844445,8,2017,151.18400000000003,137.32442500000002
2017-08-25,159.65,160.56,159.27,159.86,25480063,AAPL,0.0037044013310729706,8,2017,151.4954,137.568425
2017-08-28,160.14,162.0,159.93,161.47,25965972,AAPL,0.010071312398348464,8,2017,151.8794,137.82137500000002
2017-08-29,160.1,163.12,160.0,162.91,29516910,AAPL,0.008918065275283382,8,2017,152.2108,138.09697500000001
2017-08-30,163.8,163.89,162.61,163.35,27269584,AAPL,0.0027008777852801646,8,2017,152.5776,138.371575
2017-08-31,163.64,164.52,163.48,164.0,26785096,AAPL,0.003979185797367668,8,2017,152.9402,138.663025
2017-09-01,164.8,164.94,163.63,164.05,16591051,AAPL,0.0003048780487806546,9,2017,153.30859999999998,138.94772500000002
2017-09-05,163.75,164.25,160.56,162.08,29536314,AAPL,-0.012008533983541625,9,2017,153.6246,139.20817499999998
2017-09-06,162.71,162.99,160.52,161.91,21651726,AAPL,-0.0010488647581442523,9,2017,153.9464,139.467975
2017-09-07,162.09,162.24,160.36,161.26,21928502,AAPL,-0.004014575999011782,9,2017,154.297,139.723975
2017-09-08,160.86,161.15,158.53,158.63,28611535,AAPL,-0.016309066104427616,9,2017,154.553,139.958475
2017-09-11,160.5,162.05,159.89,161.5,31580798,AAPL,0.018092416314694493,9,2017,154.9094,140.20697499999997
2017-09-12,162.61,163.96,158.77,160.86,71714046,AAPL,-0.003962848297213495,9,2017,155.24620000000002,140.45512499999998
2017-09-13,159.87,159.96,157.91,159.65,44907361,AAPL,-0.007522068879771249,9,2017,155.5692,140.69442500000002
2017-09-14,158.99,159.4,158.09,158.28,23760749,AAPL,-0.008581271531475143,9,2017,155.85299999999998,140.92797499999998
2017-09-15,158.47,160.97,158.0,159.88,49114602,AAPL,0.010108668182966962,9,2017,156.196,141.170075
2017-09-18,160.11,160.5,157.995,158.67,28269435,AAPL,-0.007568176132099147,9,2017,156.4858,141.410825
2017-09-19,159.51,159.77,158.44,158.73,20810632,AAPL,0.00037814331631680353,9,2017,156.7592,141.657025
2017-09-20,157.9,158.26,153.83,156.07,52951364,AAPL,-0.01675801675801669,9,2017,156.97,141.887875
2017-09-21,155.8,155.8,152.75,153.39,37511661,AAPL,-0.01717178189274049,9,2017,157.123,142.109275
2017-09-22,152.02,152.27,150.56,151.89,46645443,AAPL,-0.009778994719342848,9,2017,157.2054,142.31897500000002
2017-09-25,149.99,151.83,149.16,150.55,44387336,AAPL,-0.008822173941668177,9,2017,157.2356,142.516575
2017-09-26,151.78,153.92,151.69,153.14,36660045,AAPL,0.017203586848222985,9,2017,157.30720000000002,142.721675
2017-09-27,153.8,154.7189,153.54,154.23,25504227,AAPL,0.007117670105785567,9,2017,157.3902,142.92307499999998
2017-09-28,153.89,154.28,152.7,153.28,22005455,AAPL,-0.006159631718861358,9,2017,157.4354,143.122975
2017-09-29,153.21,154.13,152.0,154.12,26299810,AAPL,0.005480167014613846,9,2017,157.511,143.31762500000002
2017-10-02,154.26,154.45,152.72,153.81,18698842,AAPL,-0.0020114196729821288,10,2017,157.58180000000002,143.510725
2017-10-03,154.01,155.09,153.91,154.48,16230293,AAPL,0.004356023665561315,10,2017,157.62959999999998,143.704025
2017-10-04,153.63,153.86,152.46,153.48,20163750,AAPL,-0.006473329880890777,10,2017,157.64440000000002,143.891575
2017-10-05,154.18,155.44,154.05,155.39,21283769,AAPL,0.012444618191295165,10,2017,157.68300000000002,144.08532499999998
2017-10-06,154.97,155.49,154.56,155.3,17407558,AAPL,-0.0005791878499258329,10,2017,157.77779999999998,144.277075
2017-10-09,155.81,156.73,155.485,155.84,16262923,AAPL,0.003477141017385721,10,2017,157.9046,144.470975
2017-10-10,156.055,158.0,155.1,155.9,15617014,AAPL,0.0003850102669404887,10,2017,158.048,144.669025
2017-10-11,155.97,156.98,155.75,156.55,16905640,AAPL,0.004169339320077015,10,2017,158.00719999999998,144.86917499999998
2017-10-12,156.35,157.37,155.7299,156.0,16125054,AAPL,-0.003513254551261613,10,2017,157.9844,145.062875
2017-10-13,156.73,157.28,156.41,156.99,16394188,AAPL,0.006346153846154001,10,2017,158.0128,145.264025
2017-10-16,157.9,160.0,157.65,159.88,24121452,AAPL,0.018408815848143023,10,2017,158.0826,145.479775
2017-10-17,159.78,160.87,159.23,160.47,18997275,AAPL,0.003690267700775518,10,2017,158.1158,145.703025
2017-10-18,160.42,160.71,159.6,159.76,16374164,AAPL,-0.004424503022371851,10,2017,158.1094,145.921075
2017-10-19,156.75,157.08,155.02,155.98,42584166,AAPL,-0.02366049073610421,10,2017,158.00779999999997,146.120875
2017-10-20,156.61,157.75,155.96,156.25,23974146,AAPL,0.0017309911527119137,10,2017,158.0264,146.319075
2017-10-23,156.89,157.69,155.5,156.17,21984327,AAPL,-0.000512000000000068,10,2017,158.00019999999998,146.510375
2017-10-24,156.29,157.42,156.2,157.1,17757230,AAPL,0.005955048985080369,10,2017,157.9452,146.70092499999998
2017-10-25,156.91,157.55,155.27,156.41,21207098,AAPL,-0.004392106938255869,10,2017,157.8414,146.88742499999998
2017-10-26,157.23,157.8295,156.78,157.41,17000469,AAPL,0.006393453104021507,10,2017,157.7706,147.07572499999998
2017-10-27,159.29,163.6,158.7,163.05,44454160,AAPL,0.03582999809414922,10,2017,157.8744,147.294725
2017-10-30,163.89,168.07,163.72,166.72,44700772,AAPL,0.02250843299601346,10,2017,158.05880000000002,147.533125
2017-10-31,167.9,169.6499,166.94,169.04,36046828,AAPL,0.013915547024951902,10,2017,158.2954,147.778325
2017-11-01,169.87,169.94,165.61,166.89,33637762,AAPL,-0.012718883104590684,11,2017,158.43759999999997,148.012825
2017-11-02,167.64,168.5,165.28,168.11,41393373,AAPL,0.007310204326202996,11,2017,158.6002,148.254475
2017-11-03,174.0,174.26,171.12,172.5,59398631,AAPL,0.026113854024150784,11,2017,158.8648,148.516975
2017-11-06,172.365,174.99,171.72,174.25,35026306,AAPL,0.010144927536231974,11,2017,159.1526,148.787825
2017-11-07,173.91,175.25,173.6,174.81,24361485,AAPL,0.003213773314203694,11,2017,159.4194,149.062025
2017-11-08,174.66,176.24,174.33,176.24,24409527,AAPL,0.008180310050912354,11,2017,159.686,149.333825
2017-11-09,175.11,176.095,173.14,175.88,29185668,AAPL,-0.0020426690876078624,11,2017,159.9366,149.603525
2017-11-10,175.11,175.38,174.27,174.67,25145500,AAPL,-0.006879690698203378,11,2017,160.14999999999998,149.867125
2017-11-13,173.5,174.5,173.4,173.97,16982080,AAPL,-0.004007557107688742,11,2017,160.3484,150.128825
2017-11-14,173.04,173.48,171.18,171.34,24782487,AAPL,-0.015117549002701569,11,2017,160.5336,150.37877500000002
2017-11-15,169.97,170.3197,168.38,169.08,29158070,AAPL,-0.013190148243258926,11,2017,160.677,150.58042500000002
2017-11-16,171.18,171.87,170.3,171.1,23637484,AAPL,0.011947007333806381,11,2017,160.87380000000002,150.793275
2017-11-17,171.04,171.39,169.64,170.15,21899544,AAPL,-0.005552308591466937,11,2017,161.1042,150.998625
2017-11-20,170.29,170.56,169.56,169.98,16262447,AAPL,-0.0009991184249192875,11,2017,161.27380000000002,151.197075
2017-11-21,170.78,173.7,170.78,173.14,25131295,AAPL,0.018590422402635642,11,2017,161.5194,151.405125
2017-11-22,173.36,175.0,173.05,174.96,25588925,AAPL,0.010511724615917872,11,2017,161.8256,151.619725
2017-11-24,175.1,175.5,174.6459,174.97,14026673,AAPL,5.71559213533579e-05,11,2017,162.1594,151.832475
2017-11-27,175.05,175.08,173.34,174.09,20716802,AAPL,-0.005029433617191548,11,2017,162.4436,152.042325
2017-11-28,174.3,174.87,171.86,173.07,26428802,AAPL,-0.005859038428399188,11,2017,162.7316,152.241225
2017-11-29,172.63,172.92,167.16,169.48,41666364,AAPL,-0.02074305194430004,11,2017,162.9466,152.413525
2017-11-30,170.43,172.14,168.44,171.85,41527218,AAPL,0.01398395090866189,11,2017,163.2622,152.595225
2017-12-01,169.95,171.67,168.5,171.05,39759288,AAPL,-0.004655222577829354,12,2017,163.6154,152.77375
2017-12-04,172.48,172.62,169.63,169.8,32542385,AAPL,-0.007307804735457446,12,2017,163.9736,152.94415
2017-12-05,169.06,171.52,168.4,169.64,27350154,AAPL,-0.0009422850412250661,12,2017,164.3554,153.10885
2017-12-06,167.5,170.2047,166.46,169.01,28560000,AAPL,-0.0037137467578400862,12,2017,164.6728,153.26835
2017-12-07,169.03,170.44,168.91,169.32,25673308,AAPL,0.0018342109934323947,12,2017,164.97459999999998,153.4323
2017-12-08,170.49,171.0,168.82,169.37,23355231,AAPL,0.00029529884242851523,12,2017,165.2964,153.59585
2017-12-11,169.2,172.89,168.79,172.67,35273759,AAPL,0.0194839700064946,12,2017,165.66740000000001,153.77455
2017-12-12,172.15,172.39,171.461,171.7,19409230,AAPL,-0.0056176521688769965,12,2017,166.0252,153.94809999999998
2017-12-13,172.5,173.54,172.0,172.27,23818447,AAPL,0.00331974373907995,12,2017,166.38100000000003,154.1105
2017-12-14,172.4,173.13,171.65,172.22,20476541,AAPL,-0.00029024206187966417,12,2017,166.7558,154.2768
2017-12-15,173.63,174.17,172.46,173.97,40169307,AAPL,0.010161421437695939,12,2017,167.12739999999997,154.44774999999998
2017-12-18,174.88,177.2,174.86,176.42,29421114,AAPL,0.014082887854227621,12,2017,167.5498,154.63315
2017-12-19,175.03,175.39,174.09,174.54,27436447,AAPL,-0.010656388164607122,12,2017,167.9238,154.80825000000002
2017-12-20,174.87,175.42,173.25,174.35,23475649,AAPL,-0.0010885756846568118,12,2017,168.29280000000003,154.985
2017-12-21,174.17,176.02,174.1,175.01,20949896,AAPL,0.003785488958990557,12,2017,168.66199999999998,155.16665
2017-12-22,174.68,175.424,174.5,175.01,16349444,AAPL,0.0,12,2017,169.04219999999998,155.346
2017-12-26,170.8,171.47,169.679,170.57,33185536,AAPL,-0.025369978858350906,12,2017,169.3138,155.50285
2017-12-27,170.1,170.78,169.71,170.6,21498213,AAPL,0.00017588087002406994,12,2017,169.5282,155.6609
2017-12-28,171.0,171.85,170.48,171.08,16480187,AAPL,0.0028135990621338536,12,2017,169.74039999999997,155.814
2017-12-29,170.52,170.59,169.22,169.23,25999922,AAPL,-0.010813654430675834,12,2017,169.9298,155.9567
2018-01-02,170.16,172.3,169.26,172.26,25555934,AAPL,0.0179046268392129,1,2018,170.25539999999998,156.11804999999998
2018-01-03,172.53,174.55,171.96,172.23,29517899,AAPL,-0.00017415534656917142,1,2018,170.575,156.2719
2018-01-04,172.54,173.47,172.08,173.03,22434597,AAPL,0.004644951518318674,1,2018,170.91219999999998,156.43785
2018-01-05,173.44,175.37,173.05,175.0,23660018,AAPL,0.011385308905970115,1,2018,171.27019999999996,156.60575
2018-01-08,174.35,175.61,173.93,174.35,20567766,AAPL,-0.003714285714285781,1,2018,171.629,156.7729
2018-01-09,174.55,175.06,173.41,174.33,21583997,AAPL,-0.00011471178663602366,1,2018,171.96739999999997,156.94135
2018-01-10,173.16,174.3,173.0,174.29,23959895,AAPL,-0.00022944989387951864,1,2018,172.1922,157.1084
2018-01-11,174.59,175.4886,174.49,175.28,18667729,AAPL,0.005680188192093594,1,2018,172.3634,157.2658
2018-01-12,176.18,177.36,175.65,177.09,25418080,AAPL,0.010326335006846099,1,2018,172.52439999999999,157.43065
2018-01-16,177.9,179.39,176.14,176.19,29565947,AAPL,-0.005082161612739333,1,2018,172.71040000000002,157.59195
2018-01-17,176.15,179.25,175.07,179.1,34386836,AAPL,0.0165162608547591,1,2018,172.9302,157.76915
2018-01-18,179.37,180.1,178.25,179.26,31193352,AAPL,0.0008933556672250376,1,2018,173.0654,157.94695
2018-01-19,178.61,179.58,177.41,178.46,32425067,AAPL,-0.004462791476068206,1,2018,173.1496,158.1154
2018-01-22,177.3,177.78,176.6016,177.0,27108551,AAPL,-0.008181105009525957,1,2018,173.1934,158.28029999999998
2018-01-23,177.3,179.44,176.82,177.04,32689146,AAPL,0.00022598870056489417,1,2018,173.20940000000002,158.44719999999998
2018-01-24,177.25,177.3,173.2,174.22,51105090,AAPL,-0.015928603705377298,1,2018,173.1762,158.6016
2018-01-25,174.505,174.95,170.53,171.11,41529004,AAPL,-0.017850992997359594,1,2018,173.105,158.7413
2018-01-26,172.0,172.0,170.06,171.51,39143011,AAPL,0.0023376775173864495,1,2018,173.0558,158.8907
2018-01-29,170.16,170.16,167.07,167.96,50640406,AAPL,-0.020698501545099335,1,2018,172.9882,159.0215
2018-01-30,165.525,167.37,164.7,166.97,46048185,AAPL,-0.005894260538223395,1,2018,172.946,159.1511
2018-01-31,166.87,168.4417,166.5,167.43,32478930,AAPL,0.0027549859256155163,1,2018,172.87259999999998,159.2791
2018-02-01,167.165,168.62,166.76,167.78,47230787,AAPL,0.0020904258496088346,2,2018,172.8252,159.41199999999998
2018-02-02,166.0,166.8,160.1,160.5,86593825,AAPL,-0.04339015377279776,2,2018,172.6356,159.5111
2018-02-05,159.1,163.88,156.0,156.49,72738522,AAPL,-0.02498442367601239,2,2018,172.30259999999998,159.58135000000001
2018-02-06,154.83,163.72,154.0,163.03,68243838,AAPL,0.04179180778324487,2,2018,172.06400000000002,159.68515
2018-02-07,163.085,163.4,159.0685,159.54,51608580,AAPL,-0.021407102987180293,2,2018,171.7554,159.76465
